CREATE DATABASE `heartihealth` /*!40100 DEFAULT CHARACTER SET latin1 */;
USE heartihealth;
-- MySQL dump 10.13  Distrib 5.7.12, for Win32 (AMD64)
--
-- Host: 127.0.0.1    Database: heartihealth
-- ------------------------------------------------------
-- Server version	5.5.9

/*!40101 SET @OLD_CHARACTER_SET_CLIENT=@@CHARACTER_SET_CLIENT */;
/*!40101 SET @OLD_CHARACTER_SET_RESULTS=@@CHARACTER_SET_RESULTS */;
/*!40101 SET @OLD_COLLATION_CONNECTION=@@COLLATION_CONNECTION */;
/*!40101 SET NAMES utf8 */;
/*!40103 SET @OLD_TIME_ZONE=@@TIME_ZONE */;
/*!40103 SET TIME_ZONE='+00:00' */;
/*!40014 SET @OLD_UNIQUE_CHECKS=@@UNIQUE_CHECKS, UNIQUE_CHECKS=0 */;
/*!40014 SET @OLD_FOREIGN_KEY_CHECKS=@@FOREIGN_KEY_CHECKS, FOREIGN_KEY_CHECKS=0 */;
/*!40101 SET @OLD_SQL_MODE=@@SQL_MODE, SQL_MODE='NO_AUTO_VALUE_ON_ZERO' */;
/*!40111 SET @OLD_SQL_NOTES=@@SQL_NOTES, SQL_NOTES=0 */;

--
-- Table structure for table `addressinfo`
--

DROP TABLE IF EXISTS `addressinfo`;
/*!40101 SET @saved_cs_client     = @@character_set_client */;
/*!40101 SET character_set_client = utf8 */;
CREATE TABLE `addressinfo` (
  `address_id` varchar(45) NOT NULL,
  `city` varchar(45) DEFAULT NULL,
  `state` varchar(45) DEFAULT NULL,
  `country` varchar(45) DEFAULT NULL,
  `pincode` varchar(45) DEFAULT NULL,
  `memberinfo_member_id` varchar(45) NOT NULL,
  PRIMARY KEY (`address_id`,`memberinfo_member_id`),
  KEY `fk_addressinfo_memberinfo_idx` (`memberinfo_member_id`),
  CONSTRAINT `fk_addressinfo_memberinfo` FOREIGN KEY (`memberinfo_member_id`) REFERENCES `memberinfo` (`member_id`) ON DELETE NO ACTION ON UPDATE NO ACTION
) ENGINE=InnoDB DEFAULT CHARSET=latin1;
/*!40101 SET character_set_client = @saved_cs_client */;

--
-- Dumping data for table `addressinfo`
--

LOCK TABLES `addressinfo` WRITE;
/*!40000 ALTER TABLE `addressinfo` DISABLE KEYS */;
INSERT INTO `addressinfo` VALUES ('add1','Isabela City','Special Provinces','Philippines','2600–2614','M1'),('add10','City of Marikina, 1st District','Second District','Philippines','2610–2615','M10'),('add100','Natonin','Mountain Province','Philippines','2610–2646','M100'),('add101','Paracelis','Mountain Province','Philippines','2610–2646','M101'),('add102','Sabangan','Mountain Province','Philippines','2610–2646','M102'),('add103','Sadanga','Mountain Province','Philippines','2610–2646','M103'),('add104','Sagada','Mountain Province','Philippines','2610–2646','M104'),('add105','Tadian','Mountain Province','Philippines','2610–2646','M105'),('add106','Calanasan (Bayag)','Apayao','Philippines','2610–2647','M106'),('add107','Conner','Apayao','Philippines','2610–2648','M107'),('add108','Flora','Apayao','Philippines','2610–2649','M108'),('add109','Kabugao','Apayao','Philippines','2610–2650','M109'),('add11','City of Marikina, 2nd District','Second District','Philippines','2610–2616','M11'),('add110','Luna','Apayao','Philippines','2610–2651','M110'),('add111','Pudtol','Apayao','Philippines','2610–2652','M111'),('add112','Santa Marcela','Apayao','Philippines','2610–2653','M112'),('add113','Adams','Ilocos Norte','Philippines','2610–2654','M113'),('add114','Bacarra','Ilocos Norte','Philippines','2610–2655','M114'),('add115','Badoc','Ilocos Norte','Philippines','2610–2656','M115'),('add116','Bangui','Ilocos Norte','Philippines','2610–2657','M116'),('add117','Batac City','Ilocos Norte','Philippines','2610–2658','M117'),('add118','Burgos','Ilocos Norte','Philippines','2610–2659','M118'),('add119','Carasi','Ilocos Norte','Philippines','2610–2660','M119'),('add12','City of Pasig, 1st District','Second District','Philippines','2610–2617','M12'),('add120','Currimao','Ilocos Norte','Philippines','2610–2661','M120'),('add121','Dingras','Ilocos Norte','Philippines','2610–2662','M121'),('add122','Dumalneg','Ilocos Norte','Philippines','2610–2663','M122'),('add123','Banna (Espiritu)','Ilocos Norte','Philippines','2610–2664','M123'),('add124','Laoag City','Ilocos Norte','Philippines','2610–2665','M124'),('add125','Marcos','Ilocos Norte','Philippines','2610–2666','M125'),('add126','Nueva Era','Ilocos Norte','Philippines','2610–2667','M126'),('add127','Pagudpud','Ilocos Norte','Philippines','2610–2668','M127'),('add128','Paoay','Ilocos Norte','Philippines','2610–2669','M128'),('add129','Pasuquin','Ilocos Norte','Philippines','2610–2670','M129'),('add13','City of Pasig, 2nd District','Second District','Philippines','2610–2618','M13'),('add130','Piddig','Ilocos Norte','Philippines','2610–2671','M130'),('add131','Pinili','Ilocos Norte','Philippines','2610–2672','M131'),('add132','San Nicolas','Ilocos Norte','Philippines','2610–2673','M132'),('add133','Sarrat','Ilocos Norte','Philippines','2610–2674','M133'),('add134','Solsona','Ilocos Norte','Philippines','2610–2675','M134'),('add135','Vintar','Ilocos Norte','Philippines','2610–2676','M135'),('add136','Alilem','Ilocos Sur','Philippines','2610–2677','M136'),('add137','Banayoyo','Ilocos Sur','Philippines','2610–2678','M137'),('add138','Bantay','Ilocos Sur','Philippines','2610–2679','M138'),('add139','Burgos','Ilocos Sur','Philippines','2610–2680','M139'),('add14','Quezon City, 1st District','Second District','Philippines','2610–2619','M14'),('add140','Cabugao','Ilocos Sur','Philippines','2610–2681','M140'),('add141','Candon  City','Ilocos Sur','Philippines','2610–2682','M141'),('add142','Caoayan','Ilocos Sur','Philippines','2610–2683','M142'),('add143','Cervantes','Ilocos Sur','Philippines','2610–2684','M143'),('add144','Galimuyod','Ilocos Sur','Philippines','2610–2685','M144'),('add145','Gregorio Del Pilar (Concepcion)','Ilocos Sur','Philippines','2610–2686','M145'),('add146','Lidlidda','Ilocos Sur','Philippines','2610–2687','M146'),('add147','Magsingal','Ilocos Sur','Philippines','2610–2688','M147'),('add148','Nagbukel','Ilocos Sur','Philippines','2610–2689','M148'),('add149','Narvacan','Ilocos Sur','Philippines','2610–2690','M149'),('add15','Quezon City, 2nd District','Second District','Philippines','2610–2620','M15'),('add150','Quirino (Angkaki)','Ilocos Sur','Philippines','2610–2691','M150'),('add151','Salcedo (Baugen)','Ilocos Sur','Philippines','2610–2692','M151'),('add152','San Emilio','Ilocos Sur','Philippines','2610–2693','M152'),('add153','San Esteban','Ilocos Sur','Philippines','2610–2694','M153'),('add154','San Ildefonso','Ilocos Sur','Philippines','2610–2695','M154'),('add155','San Juan (Lapog)','Ilocos Sur','Philippines','2610–2696','M155'),('add156','San Vicente','Ilocos Sur','Philippines','2610–2697','M156'),('add157','Santa','Ilocos Sur','Philippines','2610–2698','M157'),('add158','Santa Catalina','Ilocos Sur','Philippines','2610–2699','M158'),('add159','Santa Cruz','Ilocos Sur','Philippines','2610–2700','M159'),('add16','Quezon City, 3rd District','Second District','Philippines','2610–2621','M16'),('add160','Santa Lucia','Ilocos Sur','Philippines','2610–2701','M160'),('add161','Santa Maria','Ilocos Sur','Philippines','2610–2702','M161'),('add162','Santiago','Ilocos Sur','Philippines','2610–2703','M162'),('add163','Santo Domingo','Ilocos Sur','Philippines','2610–2704','M163'),('add164','Sigay','Ilocos Sur','Philippines','2610–2705','M164'),('add165','Sinait','Ilocos Sur','Philippines','2610–2706','M165'),('add166','Sugpon','Ilocos Sur','Philippines','2610–2707','M166'),('add167','Suyo','Ilocos Sur','Philippines','2610–2708','M167'),('add168','Tagudin','Ilocos Sur','Philippines','2610–2709','M168'),('add169','Vigan City','Ilocos Sur','Philippines','2610–2710','M169'),('add17','Quezon City, 4th District','Second District','Philippines','2610–2622','M17'),('add170','Agoo','La Union','Philippines','2610–2711','M170'),('add171','Aringay','La Union','Philippines','2610–2712','M171'),('add172','Bacnotan','La Union','Philippines','2610–2713','M172'),('add173','Bagulin','La Union','Philippines','2610–2714','M173'),('add174','Balaoan','La Union','Philippines','2610–2715','M174'),('add175','Bangar','La Union','Philippines','2610–2716','M175'),('add176','Bauang','La Union','Philippines','2610–2717','M176'),('add177','Burgos','La Union','Philippines','2610–2718','M177'),('add178','Caba','La Union','Philippines','2610–2719','M178'),('add179','Luna','La Union','Philippines','2610–2720','M179'),('add18','Quezon City, 5th District','Second District','Philippines','2610–2623','M18'),('add180','Naguilian','La Union','Philippines','2610–2721','M180'),('add181','Pugo','La Union','Philippines','2610–2722','M181'),('add182','Rosario','La Union','Philippines','2610–2723','M182'),('add183','City of San Fernando','La Union','Philippines','2610–2724','M183'),('add184','San Gabriel','La Union','Philippines','2610–2725','M184'),('add185','San Juan','La Union','Philippines','2610–2726','M185'),('add186','Santo Tomas','La Union','Philippines','2610–2727','M186'),('add187','Santol','La Union','Philippines','2610–2728','M187'),('add188','Sudipen','La Union','Philippines','2610–2729','M188'),('add189','Tubao','La Union','Philippines','2610–2730','M189'),('add19','Quezon City, 6th District','Second District','Philippines','2610–2624','M19'),('add190','Agno','Pangasinan','Philippines','2610–2731','M190'),('add191','Aguilar','Pangasinan','Philippines','2610–2732','M191'),('add192','Alaminos  City','Pangasinan','Philippines','2610–2733','M192'),('add193','Alcala','Pangasinan','Philippines','2610–2734','M193'),('add194','Anda','Pangasinan','Philippines','2610–2735','M194'),('add195','Asingan','Pangasinan','Philippines','2610–2736','M195'),('add196','Balungao','Pangasinan','Philippines','2610–2737','M196'),('add197','Bani','Pangasinan','Philippines','2610–2738','M197'),('add198','Basista','Pangasinan','Philippines','2610–2739','M198'),('add199','Bautista','Pangasinan','Philippines','2610–2740','M199'),('add2','Cotabato City','Special Provinces','Philippines','2600–2614','M2'),('add20','San Juan City','Second District','Philippines','2610–2625','M20'),('add200','Bayambang','Pangasinan','Philippines','2610–2741','M200'),('add201','Binalonan','Pangasinan','Philippines','2610–2742','M201'),('add202','Binmaley','Pangasinan','Philippines','2610–2743','M202'),('add203','Bolinao','Pangasinan','Philippines','2610–2744','M203'),('add204','Bugallon','Pangasinan','Philippines','2610–2745','M204'),('add205','Burgos','Pangasinan','Philippines','2610–2746','M205'),('add206','Calasiao','Pangasinan','Philippines','2610–2747','M206'),('add207','Dagupan City','Pangasinan','Philippines','2610–2748','M207'),('add208','Dasol','Pangasinan','Philippines','2610–2749','M208'),('add209','Infanta','Pangasinan','Philippines','2610–2750','M209'),('add21','Caloocan City, 1st District','Third District','Philippines','2610–2627','M21'),('add210','Labrador','Pangasinan','Philippines','2610–2751','M210'),('add211','Lingayen','Pangasinan','Philippines','2610–2752','M211'),('add212','Mabini','Pangasinan','Philippines','2610–2753','M212'),('add213','Malasiqui','Pangasinan','Philippines','2610–2754','M213'),('add214','Manaoag','Pangasinan','Philippines','2610–2755','M214'),('add215','Mangaldan','Pangasinan','Philippines','2610–2756','M215'),('add216','Mangatarem','Pangasinan','Philippines','2610–2757','M216'),('add217','Mapandan','Pangasinan','Philippines','2610–2758','M217'),('add218','Natividad','Pangasinan','Philippines','2610–2759','M218'),('add219','Pozzorubio','Pangasinan','Philippines','2610–2760','M219'),('add22','Caloocan City, 2nd District','Third District','Philippines','2610–2628','M22'),('add220','Rosales','Pangasinan','Philippines','2610–2761','M220'),('add221','San Carlos City','Pangasinan','Philippines','2610–2762','M221'),('add222','San Fabian','Pangasinan','Philippines','2610–2763','M222'),('add223','San Jacinto','Pangasinan','Philippines','2610–2764','M223'),('add224','San Manuel','Pangasinan','Philippines','2610–2765','M224'),('add225','San Nicolas','Pangasinan','Philippines','2610–2766','M225'),('add226','San Quintin','Pangasinan','Philippines','2610–2767','M226'),('add227','Santa Barbara','Pangasinan','Philippines','2610–2768','M227'),('add228','Santa Maria','Pangasinan','Philippines','2610–2769','M228'),('add229','Santo Tomas','Pangasinan','Philippines','2610–2770','M229'),('add23','Malabon City','Third District','Philippines','2610–2629','M23'),('add230','Sison','Pangasinan','Philippines','2610–2771','M230'),('add231','Sual','Pangasinan','Philippines','2610–2772','M231'),('add232','Tayug','Pangasinan','Philippines','2610–2773','M232'),('add233','Umingan','Pangasinan','Philippines','2610–2774','M233'),('add234','Urbiztondo','Pangasinan','Philippines','2610–2775','M234'),('add235','Urdaneta  City','Pangasinan','Philippines','2610–2776','M235'),('add236','Villasis','Pangasinan','Philippines','2610–2777','M236'),('add237','Laoac','Pangasinan','Philippines','2610–2778','M237'),('add238','Basco','Batanes','Philippines','2610–2779','M238'),('add239','Itbayat','Batanes','Philippines','2610–2780','M239'),('add24','Navotas City','Third District','Philippines','2610–2630','M24'),('add240','Ivana','Batanes','Philippines','2610–2781','M240'),('add241','Mahatao','Batanes','Philippines','2610–2782','M241'),('add242','Sabtang','Batanes','Philippines','2610–2783','M242'),('add243','Uyugan','Batanes','Philippines','2610–2784','M243'),('add244','Abulug','Cagayan','Philippines','2610–2785','M244'),('add245','Alcala','Cagayan','Philippines','2610–2786','M245'),('add246','Allacapan','Cagayan','Philippines','2610–2787','M246'),('add247','Amulung','Cagayan','Philippines','2610–2788','M247'),('add248','Aparri','Cagayan','Philippines','2610–2789','M248'),('add249','Baggao','Cagayan','Philippines','2610–2790','M249'),('add25','City of Valenzuela, 1st District','Third District','Philippines','2610–2631','M25'),('add250','Ballesteros','Cagayan','Philippines','2610–2791','M250'),('add251','Buguey','Cagayan','Philippines','2610–2792','M251'),('add252','Calayan','Cagayan','Philippines','2610–2793','M252'),('add253','Camalaniugan','Cagayan','Philippines','2610–2794','M253'),('add254','Claveria','Cagayan','Philippines','2610–2795','M254'),('add255','Enrile','Cagayan','Philippines','2610–2796','M255'),('add256','Gattaran','Cagayan','Philippines','2610–2797','M256'),('add257','Gonzaga','Cagayan','Philippines','2610–2798','M257'),('add258','Iguig','Cagayan','Philippines','2610–2799','M258'),('add259','Lal-Lo','Cagayan','Philippines','2610–2800','M259'),('add26','City of Valenzuela, 2nd District','Third District','Philippines','2610–2632','M26'),('add260','Lasam','Cagayan','Philippines','2610–2801','M260'),('add261','Pamplona','Cagayan','Philippines','2610–2802','M261'),('add262','Penablanca','Cagayan','Philippines','2610–2803','M262'),('add263','Piat','Cagayan','Philippines','2610–2804','M263'),('add264','Rizal','Cagayan','Philippines','2610–2805','M264'),('add265','Sanchez-Mira','Cagayan','Philippines','2610–2806','M265'),('add266','Santa Ana','Cagayan','Philippines','2610–2807','M266'),('add267','Santa Praxedes','Cagayan','Philippines','2610–2808','M267'),('add268','Santa Teresita','Cagayan','Philippines','2610–2809','M268'),('add269','Santo Nino (Faire)','Cagayan','Philippines','2610–2810','M269'),('add27','City of Las Pinas','Fourth District','Philippines','2610–2633','M27'),('add270','Solana','Cagayan','Philippines','2610–2811','M270'),('add271','Tuao','Cagayan','Philippines','2610–2812','M271'),('add272','Tuguegarao City','Cagayan','Philippines','2610–2813','M272'),('add273','Alicia','Isabela','Philippines','2610–2814','M273'),('add274','Angadanan','Isabela','Philippines','2610–2815','M274'),('add275','Aurora','Isabela','Philippines','2610–2816','M275'),('add276','Benito Soliven','Isabela','Philippines','2610–2817','M276'),('add277','Burgos','Isabela','Philippines','2610–2818','M277'),('add278','Cabagan','Isabela','Philippines','2610–2819','M278'),('add279','Cabatuan','Isabela','Philippines','2610–2820','M279'),('add28','City of Makati, 1st District','Fourth District','Philippines','2610–2634','M28'),('add280','Cauayan  City','Isabela','Philippines','2610–2821','M280'),('add281','Cordon','Isabela','Philippines','2610–2822','M281'),('add282','Dinapigue','Isabela','Philippines','2610–2823','M282'),('add283','Divilacan','Isabela','Philippines','2610–2824','M283'),('add284','Echague','Isabela','Philippines','2610–2825','M284'),('add285','Gamu','Isabela','Philippines','2610–2826','M285'),('add286','Ilagan','Isabela','Philippines','2610–2827','M286'),('add287','Jones','Isabela','Philippines','2610–2828','M287'),('add288','Luna','Isabela','Philippines','2610–2829','M288'),('add289','Maconacon','Isabela','Philippines','2610–2830','M289'),('add29','City of Makati, 2nd District','Fourth District','Philippines','2610–2635','M29'),('add290','Delfin Albano (Magsaysay)','Isabela','Philippines','2610–2831','M290'),('add291','Mallig','Isabela','Philippines','2610–2832','M291'),('add292','Naguilian','Isabela','Philippines','2610–2833','M292'),('add293','Palanan','Isabela','Philippines','2610–2834','M293'),('add294','Quezon','Isabela','Philippines','2610–2835','M294'),('add295','Quirino','Isabela','Philippines','2610–2836','M295'),('add296','Ramon','Isabela','Philippines','2610–2837','M296'),('add297','Reina Mercedes','Isabela','Philippines','2610–2838','M297'),('add298','Roxas','Isabela','Philippines','2610–2839','M298'),('add299','San Agustin','Isabela','Philippines','2610–2840','M299'),('add3','Manila, 3rd District','Manila','Philippines','2600–2614','M3'),('add30','City of Muntinlupa','Fourth District','Philippines','2610–2636','M30'),('add300','San Guillermo','Isabela','Philippines','2610–2841','M300'),('add301','San Isidro','Isabela','Philippines','2610–2842','M301'),('add302','San Manuel','Isabela','Philippines','2610–2843','M302'),('add303','Ilagan','Isabela','Philippines','2610–2827','M303'),('add31','City of Paranaque','Fourth District','Philippines','2610–2637','M31'),('add32','Pasay City, 1st District','Fourth District','Philippines','2610–2638','M32'),('add33','Pasay City, 2nd District','Fourth District','Philippines','2610–2639','M33'),('add34','Pateros','Fourth District','Philippines','2610–2640','M34'),('add35','Taguig City','Fourth District','Philippines','2610–2641','M35'),('add36','Bangued','Abra','Philippines','2610–2642','M36'),('add37','Boliney','Abra','Philippines','2610–2642','M37'),('add38','Bucay','Abra','Philippines','2610–2642','M38'),('add39','Bucloc','Abra','Philippines','2610–2642','M39'),('add4','Manila, 5th District','Manila','Philippines','2600–2614','M4'),('add40','Daguioman','Abra','Philippines','2610–2642','M40'),('add41','Danglas','Abra','Philippines','2610–2642','M41'),('add42','Dolores','Abra','Philippines','2610–2642','M42'),('add43','La Paz','Abra','Philippines','2610–2642','M43'),('add44','Lacub','Abra','Philippines','2610–2642','M44'),('add45','Lagangilang','Abra','Philippines','2610–2642','M45'),('add46','Lagayan','Abra','Philippines','2610–2642','M46'),('add47','Langiden','Abra','Philippines','2610–2642','M47'),('add48','Licuan-Baay (Licuan)','Abra','Philippines','2610–2642','M48'),('add49','Luba','Abra','Philippines','2610–2642','M49'),('add5','Manila, 6th District','Manila','Philippines','2600–2614','M5'),('add50','Malibcong','Abra','Philippines','2610–2642','M50'),('add51','Manabo','Abra','Philippines','2610–2642','M51'),('add52','Penarrubia','Abra','Philippines','2610–2642','M52'),('add53','Pidigan','Abra','Philippines','2610–2642','M53'),('add54','Pilar','Abra','Philippines','2610–2642','M54'),('add55','Sallapadan','Abra','Philippines','2610–2642','M55'),('add56','San Isidro','Abra','Philippines','2610–2642','M56'),('add57','San Juan','Abra','Philippines','2610–2642','M57'),('add58','San Quintin','Abra','Philippines','2610–2642','M58'),('add59','Tayum','Abra','Philippines','2610–2642','M59'),('add6','Manila, 1st District','Manila','Philippines','2600–2614','M6'),('add60','Tineg','Abra','Philippines','2610–2642','M60'),('add61','Tubo','Abra','Philippines','2610–2642','M61'),('add62','Villaviciosa','Abra','Philippines','2610–2642','M62'),('add63','Atok','Benguet','Philippines','2610–2643','M63'),('add64','Baguio City','Benguet','Philippines','2610–2643','M64'),('add65','Bakun','Benguet','Philippines','2610–2643','M65'),('add66','Bokod','Benguet','Philippines','2610–2643','M66'),('add67','Buguias','Benguet','Philippines','2610–2643','M67'),('add68','Itogon','Benguet','Philippines','2610–2643','M68'),('add69','Kabayan','Benguet','Philippines','2610–2643','M69'),('add7','Manila, 2nd District','Manila','Philippines','2600–2614','M7'),('add70','Kapangan','Benguet','Philippines','2610–2643','M70'),('add71','Kibungan','Benguet','Philippines','2610–2643','M71'),('add72','La Trinidad','Benguet','Philippines','2610–2643','M72'),('add73','Mankayan','Benguet','Philippines','2610–2643','M73'),('add74','Sablan','Benguet','Philippines','2610–2643','M74'),('add75','Tuba','Benguet','Philippines','2610–2643','M75'),('add76','Tublay','Benguet','Philippines','2610–2643','M76'),('add77','Banaue','Ifugao','Philippines','2610–2644','M77'),('add78','Hungduan','Ifugao','Philippines','2610–2644','M78'),('add79','Kiangan','Ifugao','Philippines','2610–2644','M79'),('add8','Manila, 4th District','Manila','Philippines','2600–2614','M8'),('add80','Lagawe','Ifugao','Philippines','2610–2644','M80'),('add81','Lamut','Ifugao','Philippines','2610–2644','M81'),('add82','Mayoyao','Ifugao','Philippines','2610–2644','M82'),('add83','Alfonso Lista (Potia)','Ifugao','Philippines','2610–2644','M83'),('add84','Aguinaldo','Ifugao','Philippines','2610–2644','M84'),('add85','Hingyon','Ifugao','Philippines','2610–2644','M85'),('add86','Tinoc','Ifugao','Philippines','2610–2644','M86'),('add87','Asipulo','Ifugao','Philippines','2610–2644','M87'),('add88','Balbalan','Kalinga','Philippines','2610–2645','M88'),('add89','Lubuagan','Kalinga','Philippines','2610–2645','M89'),('add9','City of Mandaluyong','Second District','Philippines','2610–2614','M9'),('add90','Pasil','Kalinga','Philippines','2610–2645','M90'),('add91','Pinukpuk','Kalinga','Philippines','2610–2645','M91'),('add92','Rizal (Liwan)','Kalinga','Philippines','2610–2645','M92'),('add93','Tabuk City','Kalinga','Philippines','2610–2645','M93'),('add94','Tanudan','Kalinga','Philippines','2610–2645','M94'),('add95','Tinglayan','Kalinga','Philippines','2610–2645','M95'),('add96','Barlig','Mountain Province','Philippines','2610–2646','M96'),('add97','Bauko','Mountain Province','Philippines','2610–2646','M97'),('add98','Besao','Mountain Province','Philippines','2610–2646','M98'),('add99','Bontoc','Mountain Province','Philippines','2610–2646','M99');
/*!40000 ALTER TABLE `addressinfo` ENABLE KEYS */;
UNLOCK TABLES;

--
-- Table structure for table `bloodtest`
--

DROP TABLE IF EXISTS `bloodtest`;
/*!40101 SET @saved_cs_client     = @@character_set_client */;
/*!40101 SET character_set_client = utf8 */;
CREATE TABLE `bloodtest` (
  `blood_id` varchar(45) NOT NULL,
  `date` datetime DEFAULT NULL,
  `bloodpressure` int(11) DEFAULT NULL,
  `fbs` int(11) DEFAULT NULL,
  `thal` int(11) DEFAULT NULL,
  `serumcholesterol` int(11) DEFAULT NULL,
  `cardiodiagnosis_cardio_id` varchar(45) NOT NULL,
  PRIMARY KEY (`blood_id`,`cardiodiagnosis_cardio_id`),
  KEY `fk_bloodtest_cardiodiagnosis1_idx` (`cardiodiagnosis_cardio_id`),
  CONSTRAINT `fk_bloodtest_cardiodiagnosis1` FOREIGN KEY (`cardiodiagnosis_cardio_id`) REFERENCES `cardiodiagnosis` (`cardio_id`) ON DELETE NO ACTION ON UPDATE NO ACTION
) ENGINE=InnoDB DEFAULT CHARSET=latin1;
/*!40101 SET character_set_client = @saved_cs_client */;

--
-- Dumping data for table `bloodtest`
--

LOCK TABLES `bloodtest` WRITE;
/*!40000 ALTER TABLE `bloodtest` DISABLE KEYS */;
INSERT INTO `bloodtest` VALUES ('bl1','2020-01-24 00:00:00',145,1,1,233,'cid122'),('bl10','2019-02-02 00:00:00',150,0,2,168,'cid131'),('bl100','2019-05-03 00:00:00',130,1,2,246,'cid221'),('bl101','2019-05-04 00:00:00',148,0,2,244,'cid222'),('bl102','2019-05-05 00:00:00',178,0,3,270,'cid223'),('bl103','2019-05-06 00:00:00',140,0,2,195,'cid224'),('bl104','2019-05-07 00:00:00',120,1,3,240,'cid225'),('bl105','2019-05-08 00:00:00',129,0,2,196,'cid226'),('bl106','2019-05-09 00:00:00',120,0,2,211,'cid227'),('bl107','2019-05-10 00:00:00',160,1,2,234,'cid228'),('bl108','2019-05-11 00:00:00',138,0,2,236,'cid229'),('bl109','2019-05-12 00:00:00',120,0,2,244,'cid230'),('bl11','2019-02-03 00:00:00',140,0,2,239,'cid132'),('bl110','2019-05-13 00:00:00',110,0,2,254,'cid231'),('bl111','2019-05-14 00:00:00',180,0,2,325,'cid232'),('bl112','2019-05-15 00:00:00',150,1,3,126,'cid233'),('bl113','2019-05-16 00:00:00',140,0,3,313,'cid234'),('bl114','2019-05-17 00:00:00',110,0,3,211,'cid235'),('bl115','2019-05-18 00:00:00',130,0,2,262,'cid236'),('bl116','2019-05-19 00:00:00',120,0,2,215,'cid237'),('bl117','2019-05-20 00:00:00',130,0,2,214,'cid238'),('bl118','2019-05-21 00:00:00',120,0,3,193,'cid239'),('bl119','2019-05-22 00:00:00',105,0,2,204,'cid240'),('bl12','2019-02-04 00:00:00',130,0,2,275,'cid133'),('bl120','2019-05-23 00:00:00',138,0,2,243,'cid241'),('bl121','2019-05-24 00:00:00',130,0,2,303,'cid242'),('bl122','2019-05-25 00:00:00',138,0,2,271,'cid243'),('bl123','2019-05-26 00:00:00',112,0,2,268,'cid244'),('bl124','2019-05-27 00:00:00',108,0,2,267,'cid245'),('bl125','2019-05-28 00:00:00',94,0,2,199,'cid246'),('bl126','2019-05-29 00:00:00',118,0,2,210,'cid247'),('bl127','2019-05-30 00:00:00',112,0,2,204,'cid248'),('bl128','2019-05-31 00:00:00',152,0,2,277,'cid249'),('bl129','2019-06-01 00:00:00',136,0,2,196,'cid250'),('bl13','2019-02-05 00:00:00',130,0,2,266,'cid134'),('bl130','2019-06-02 00:00:00',120,0,2,269,'cid251'),('bl131','2019-06-03 00:00:00',160,0,2,201,'cid252'),('bl132','2019-06-04 00:00:00',134,0,2,271,'cid253'),('bl133','2019-06-05 00:00:00',120,0,2,295,'cid254'),('bl134','2019-06-06 00:00:00',110,0,2,235,'cid255'),('bl135','2019-06-07 00:00:00',126,0,2,306,'cid256'),('bl136','2019-06-08 00:00:00',130,0,2,269,'cid257'),('bl137','2019-06-09 00:00:00',120,1,2,178,'cid258'),('bl138','2019-06-10 00:00:00',128,1,2,208,'cid259'),('bl139','2019-06-11 00:00:00',110,0,1,201,'cid260'),('bl14','2019-02-06 00:00:00',110,0,2,211,'cid135'),('bl140','2019-06-12 00:00:00',128,0,3,263,'cid261'),('bl141','2019-06-13 00:00:00',120,0,2,295,'cid262'),('bl142','2019-06-14 00:00:00',115,0,2,303,'cid263'),('bl143','2019-06-15 00:00:00',120,0,2,209,'cid264'),('bl144','2019-06-16 00:00:00',106,0,2,223,'cid265'),('bl145','2019-06-17 00:00:00',140,0,2,197,'cid266'),('bl146','2019-06-18 00:00:00',156,0,2,245,'cid267'),('bl147','2019-06-19 00:00:00',118,0,2,242,'cid268'),('bl148','2019-06-20 00:00:00',150,0,2,240,'cid269'),('bl149','2019-06-21 00:00:00',120,0,2,226,'cid270'),('bl15','2020-02-24 00:00:00',150,1,2,283,'cid136'),('bl150','2019-06-22 00:00:00',130,0,2,180,'cid271'),('bl151','2019-06-23 00:00:00',160,0,1,228,'cid272'),('bl152','2019-06-24 00:00:00',112,0,2,149,'cid273'),('bl153','2019-06-25 00:00:00',170,0,3,227,'cid274'),('bl154','2019-06-26 00:00:00',146,0,2,278,'cid275'),('bl155','2019-06-27 00:00:00',138,0,2,220,'cid276'),('bl156','2019-06-28 00:00:00',130,0,2,197,'cid277'),('bl157','2019-06-29 00:00:00',130,0,2,253,'cid278'),('bl158','2019-06-30 00:00:00',122,0,2,192,'cid279'),('bl159','2019-07-01 00:00:00',125,0,3,220,'cid280'),('bl16','2019-02-08 00:00:00',120,0,2,219,'cid137'),('bl160','2019-07-02 00:00:00',130,0,3,221,'cid281'),('bl161','2019-07-03 00:00:00',120,0,2,240,'cid282'),('bl162','2019-07-04 00:00:00',132,0,2,342,'cid283'),('bl163','2019-07-05 00:00:00',120,0,2,157,'cid284'),('bl164','2019-07-06 00:00:00',138,0,2,175,'cid285'),('bl165','2019-07-07 00:00:00',138,0,2,175,'cid286'),('bl166','2019-07-08 00:00:00',160,0,2,286,'cid287'),('bl167','2019-07-09 00:00:00',120,0,3,229,'cid288'),('bl168','2019-07-10 00:00:00',140,0,2,268,'cid289'),('bl169','2019-07-11 00:00:00',130,0,3,254,'cid290'),('bl17','2019-02-09 00:00:00',120,0,2,340,'cid138'),('bl170','2019-07-12 00:00:00',140,1,3,203,'cid291'),('bl171','2019-07-13 00:00:00',130,1,1,256,'cid292'),('bl172','2019-07-14 00:00:00',110,0,3,229,'cid293'),('bl173','2019-07-15 00:00:00',120,0,2,284,'cid294'),('bl174','2019-07-16 00:00:00',132,0,3,224,'cid295'),('bl175','2019-07-17 00:00:00',130,0,3,206,'cid296'),('bl176','2019-07-18 00:00:00',110,0,3,167,'cid297'),('bl177','2019-07-19 00:00:00',117,1,3,230,'cid298'),('bl178','2019-07-20 00:00:00',140,0,2,335,'cid299'),('bl179','2019-07-21 00:00:00',120,0,3,177,'cid300'),('bl18','2019-02-10 00:00:00',150,0,2,226,'cid139'),('bl180','2019-07-22 00:00:00',150,0,1,276,'cid301'),('bl181','2019-07-23 00:00:00',132,0,3,353,'cid302'),('bl182','2019-07-24 00:00:00',150,0,3,225,'cid303'),('bl183','2019-07-25 00:00:00',130,0,2,330,'cid304'),('bl184','2019-07-26 00:00:00',112,0,3,230,'cid305'),('bl185','2019-07-27 00:00:00',150,0,3,243,'cid306'),('bl186','2019-07-28 00:00:00',112,0,2,290,'cid307'),('bl187','2019-07-29 00:00:00',130,0,3,253,'cid308'),('bl188','2019-07-30 00:00:00',124,0,3,266,'cid309'),('bl189','2019-07-31 00:00:00',140,0,3,233,'cid310'),('bl19','2019-02-11 00:00:00',150,0,2,247,'cid140'),('bl190','2019-08-01 00:00:00',110,0,3,172,'cid311'),('bl191','2019-08-02 00:00:00',130,0,3,305,'cid312'),('bl192','2019-08-03 00:00:00',128,0,3,216,'cid313'),('bl193','2019-08-04 00:00:00',120,0,3,188,'cid314'),('bl194','2019-08-05 00:00:00',145,0,3,282,'cid315'),('bl195','2019-08-06 00:00:00',140,0,2,185,'cid316'),('bl196','2019-08-07 00:00:00',170,0,3,326,'cid317'),('bl197','2019-08-08 00:00:00',150,0,2,231,'cid318'),('bl198','2019-08-09 00:00:00',125,1,3,254,'cid319'),('bl199','2019-08-10 00:00:00',120,0,3,267,'cid320'),('bl2','2019-01-25 00:00:00',130,0,2,250,'cid123'),('bl20','2019-02-12 00:00:00',140,0,2,239,'cid141'),('bl200','2019-08-11 00:00:00',110,0,1,248,'cid321'),('bl201','2019-08-12 00:00:00',110,0,2,197,'cid322'),('bl202','2019-08-13 00:00:00',125,0,3,258,'cid323'),('bl203','2019-08-14 00:00:00',150,0,3,270,'cid324'),('bl204','2019-08-15 00:00:00',180,1,3,274,'cid325'),('bl205','2019-08-16 00:00:00',160,0,3,164,'cid326'),('bl206','2019-08-17 00:00:00',128,0,3,255,'cid327'),('bl207','2019-08-18 00:00:00',110,0,3,239,'cid328'),('bl208','2019-08-19 00:00:00',150,0,3,258,'cid329'),('bl209','2019-08-20 00:00:00',120,0,3,188,'cid330'),('bl21','2019-02-13 00:00:00',135,0,3,234,'cid142'),('bl210','2019-08-21 00:00:00',140,0,3,177,'cid331'),('bl211','2019-08-22 00:00:00',128,0,3,229,'cid332'),('bl212','2019-08-23 00:00:00',120,0,3,260,'cid333'),('bl213','2019-08-24 00:00:00',118,0,3,219,'cid334'),('bl214','2019-08-25 00:00:00',145,0,3,307,'cid335'),('bl215','2019-08-26 00:00:00',125,1,2,249,'cid336'),('bl216','2019-08-27 00:00:00',132,1,3,341,'cid337'),('bl217','2019-08-28 00:00:00',130,0,3,263,'cid338'),('bl218','2019-08-29 00:00:00',130,1,3,330,'cid339'),('bl219','2019-08-30 00:00:00',135,0,3,254,'cid340'),('bl22','2019-02-14 00:00:00',130,0,2,233,'cid143'),('bl220','2019-08-31 00:00:00',130,1,3,256,'cid341'),('bl221','2019-09-01 00:00:00',150,0,3,407,'cid342'),('bl222','2019-09-02 00:00:00',140,0,3,217,'cid343'),('bl223','2019-09-03 00:00:00',138,1,2,282,'cid344'),('bl224','2019-09-04 00:00:00',200,1,3,288,'cid345'),('bl225','2019-09-05 00:00:00',110,0,3,239,'cid346'),('bl226','2019-09-06 00:00:00',145,0,3,174,'cid347'),('bl227','2019-09-07 00:00:00',120,0,3,281,'cid348'),('bl228','2019-09-08 00:00:00',120,0,3,198,'cid349'),('bl229','2019-09-09 00:00:00',170,0,3,288,'cid350'),('bl23','2019-02-15 00:00:00',140,0,2,226,'cid144'),('bl230','2019-09-10 00:00:00',125,0,3,309,'cid351'),('bl231','2019-09-11 00:00:00',108,0,2,243,'cid352'),('bl232','2019-09-12 00:00:00',165,1,3,289,'cid353'),('bl233','2019-09-13 00:00:00',160,0,3,289,'cid354'),('bl234','2019-09-14 00:00:00',120,0,2,246,'cid355'),('bl235','2019-09-15 00:00:00',130,0,2,322,'cid356'),('bl236','2019-09-16 00:00:00',140,0,3,299,'cid357'),('bl237','2019-09-17 00:00:00',125,0,3,300,'cid358'),('bl238','2019-09-18 00:00:00',140,0,3,293,'cid359'),('bl239','2019-09-19 00:00:00',125,0,2,304,'cid360'),('bl24','2019-02-16 00:00:00',150,1,2,243,'cid145'),('bl240','2019-09-20 00:00:00',126,0,3,282,'cid361'),('bl241','2019-09-21 00:00:00',160,0,3,269,'cid362'),('bl242','2019-09-22 00:00:00',174,0,2,249,'cid363'),('bl243','2019-09-23 00:00:00',145,0,1,212,'cid364'),('bl244','2019-09-24 00:00:00',152,0,3,274,'cid365'),('bl245','2019-09-25 00:00:00',132,0,1,184,'cid366'),('bl246','2019-09-26 00:00:00',124,0,3,274,'cid367'),('bl247','2019-09-27 00:00:00',134,0,3,409,'cid368'),('bl248','2019-09-28 00:00:00',160,0,1,246,'cid369'),('bl249','2019-09-29 00:00:00',192,0,3,283,'cid370'),('bl25','2019-02-17 00:00:00',140,0,3,199,'cid146'),('bl250','2019-09-30 00:00:00',140,0,3,254,'cid371'),('bl251','2019-10-01 00:00:00',140,0,3,298,'cid372'),('bl252','2019-10-02 00:00:00',132,1,3,247,'cid373'),('bl253','2019-10-03 00:00:00',138,1,2,294,'cid374'),('bl254','2019-10-04 00:00:00',100,0,2,299,'cid375'),('bl255','2019-10-05 00:00:00',160,0,2,273,'cid376'),('bl256','2019-10-06 00:00:00',142,0,3,309,'cid377'),('bl257','2019-10-07 00:00:00',128,0,3,259,'cid378'),('bl258','2019-10-08 00:00:00',144,0,3,200,'cid379'),('bl259','2019-10-09 00:00:00',150,0,2,244,'cid380'),('bl26','2019-02-18 00:00:00',160,0,2,302,'cid147'),('bl260','2019-10-10 00:00:00',120,0,3,231,'cid381'),('bl261','2019-10-11 00:00:00',178,1,3,228,'cid382'),('bl262','2019-10-12 00:00:00',112,0,2,230,'cid383'),('bl263','2019-10-13 00:00:00',123,0,3,282,'cid384'),('bl264','2019-10-14 00:00:00',108,0,2,269,'cid385'),('bl265','2019-10-15 00:00:00',110,0,2,206,'cid386'),('bl266','2019-10-16 00:00:00',112,0,2,212,'cid387'),('bl267','2019-10-17 00:00:00',180,0,2,327,'cid388'),('bl268','2019-10-18 00:00:00',118,0,2,149,'cid389'),('bl269','2019-10-19 00:00:00',122,0,2,286,'cid390'),('bl27','2019-02-19 00:00:00',150,1,2,212,'cid148'),('bl270','2019-10-20 00:00:00',130,1,3,283,'cid391'),('bl271','2019-10-21 00:00:00',120,0,3,249,'cid392'),('bl272','2019-10-22 00:00:00',134,0,2,234,'cid393'),('bl273','2019-10-23 00:00:00',120,0,2,237,'cid394'),('bl274','2019-10-24 00:00:00',100,0,3,234,'cid395'),('bl275','2019-10-25 00:00:00',110,0,2,275,'cid396'),('bl276','2019-10-26 00:00:00',125,0,3,212,'cid397'),('bl277','2019-10-27 00:00:00',146,0,3,218,'cid398'),('bl278','2019-10-28 00:00:00',124,0,3,261,'cid399'),('bl279','2019-10-29 00:00:00',136,1,2,319,'cid400'),('bl28','2019-02-20 00:00:00',110,0,2,175,'cid149'),('bl280','2019-10-30 00:00:00',138,0,2,166,'cid401'),('bl281','2019-10-31 00:00:00',136,0,1,315,'cid402'),('bl282','2019-11-01 00:00:00',128,1,0,204,'cid403'),('bl283','2019-11-02 00:00:00',126,1,1,218,'cid404'),('bl284','2019-11-03 00:00:00',152,0,3,223,'cid405'),('bl285','2019-11-04 00:00:00',140,0,3,207,'cid406'),('bl286','2019-11-05 00:00:00',140,0,3,311,'cid407'),('bl287','2019-11-06 00:00:00',134,0,2,204,'cid408'),('bl288','2019-11-07 00:00:00',154,0,2,232,'cid409'),('bl289','2019-11-08 00:00:00',110,0,3,335,'cid410'),('bl29','2019-02-21 00:00:00',140,1,2,417,'cid150'),('bl290','2019-11-09 00:00:00',128,0,3,205,'cid411'),('bl291','2019-11-10 00:00:00',148,0,3,203,'cid412'),('bl292','2019-11-11 00:00:00',114,0,1,318,'cid413'),('bl293','2019-11-12 00:00:00',170,1,1,225,'cid414'),('bl294','2019-11-13 00:00:00',152,0,3,212,'cid415'),('bl295','2019-11-14 00:00:00',120,0,1,169,'cid416'),('bl296','2019-11-15 00:00:00',140,0,3,187,'cid417'),('bl297','2019-11-16 00:00:00',124,0,2,197,'cid418'),('bl298','2019-11-17 00:00:00',164,1,1,176,'cid419'),('bl299','2019-11-18 00:00:00',140,0,3,241,'cid420'),('bl3','2019-01-26 00:00:00',130,0,2,204,'cid124'),('bl30','2019-02-22 00:00:00',130,1,2,197,'cid151'),('bl300','2019-11-19 00:00:00',110,0,3,264,'cid421'),('bl301','2019-11-20 00:00:00',144,1,3,193,'cid422'),('bl302','2019-11-21 00:00:00',130,0,3,131,'cid423'),('bl303','2019-11-22 00:00:00',130,0,2,236,'cid424'),('bl31','2019-02-23 00:00:00',105,0,2,198,'cid152'),('bl32','2019-02-24 00:00:00',120,0,3,177,'cid153'),('bl33','2019-02-25 00:00:00',130,0,2,219,'cid154'),('bl34','2019-02-26 00:00:00',125,0,2,273,'cid155'),('bl35','2019-02-27 00:00:00',125,0,2,213,'cid156'),('bl36','2019-02-28 00:00:00',142,0,2,177,'cid157'),('bl37','2019-03-01 00:00:00',135,1,2,304,'cid158'),('bl38','2019-03-02 00:00:00',150,0,3,232,'cid159'),('bl39','2019-03-03 00:00:00',155,0,2,269,'cid160'),('bl4','2019-01-27 00:00:00',120,0,2,236,'cid125'),('bl40','2019-03-04 00:00:00',160,0,2,360,'cid161'),('bl41','2019-03-05 00:00:00',140,0,2,308,'cid162'),('bl42','2019-03-06 00:00:00',130,0,2,245,'cid163'),('bl43','2019-03-07 00:00:00',104,0,2,208,'cid164'),('bl44','2019-03-08 00:00:00',130,0,2,264,'cid165'),('bl45','2019-03-09 00:00:00',140,0,2,321,'cid166'),('bl46','2019-03-10 00:00:00',120,0,2,325,'cid167'),('bl47','2019-03-11 00:00:00',140,0,2,235,'cid168'),('bl48','2019-03-12 00:00:00',138,0,2,257,'cid169'),('bl49','2019-03-13 00:00:00',128,0,0,216,'cid170'),('bl5','2019-01-28 00:00:00',120,0,2,354,'cid126'),('bl50','2019-03-14 00:00:00',138,0,2,234,'cid171'),('bl51','2019-03-15 00:00:00',130,0,2,256,'cid172'),('bl52','2019-03-16 00:00:00',120,0,2,302,'cid173'),('bl53','2019-03-17 00:00:00',130,0,3,231,'cid174'),('bl54','2019-03-18 00:00:00',108,0,2,141,'cid175'),('bl55','2019-03-19 00:00:00',135,0,2,252,'cid176'),('bl56','2019-03-20 00:00:00',134,0,2,201,'cid177'),('bl57','2019-03-21 00:00:00',122,0,2,222,'cid178'),('bl58','2019-03-22 00:00:00',115,0,2,260,'cid179'),('bl59','2019-03-23 00:00:00',118,0,2,182,'cid180'),('bl6','2019-01-29 00:00:00',140,0,1,192,'cid127'),('bl60','2019-03-24 00:00:00',128,0,2,303,'cid181'),('bl61','2019-03-25 00:00:00',110,1,2,265,'cid182'),('bl62','2019-03-26 00:00:00',108,0,3,309,'cid183'),('bl63','2019-03-27 00:00:00',118,0,1,186,'cid184'),('bl64','2019-03-28 00:00:00',135,0,1,203,'cid185'),('bl65','2019-03-29 00:00:00',140,1,2,211,'cid186'),('bl66','2019-03-30 00:00:00',138,0,2,183,'cid187'),('bl67','2019-03-31 00:00:00',100,0,2,222,'cid188'),('bl68','2019-04-01 00:00:00',130,0,2,234,'cid189'),('bl69','2019-04-02 00:00:00',120,0,2,220,'cid190'),('bl7','2019-01-30 00:00:00',140,0,2,294,'cid128'),('bl70','2019-04-03 00:00:00',124,0,2,209,'cid191'),('bl71','2019-04-04 00:00:00',120,0,3,258,'cid192'),('bl72','2019-04-05 00:00:00',94,0,3,227,'cid193'),('bl73','2019-04-06 00:00:00',130,0,2,204,'cid194'),('bl74','2019-04-07 00:00:00',140,0,2,261,'cid195'),('bl75','2019-04-08 00:00:00',122,0,2,213,'cid196'),('bl76','2019-04-09 00:00:00',135,0,2,250,'cid197'),('bl77','2019-04-10 00:00:00',125,1,2,245,'cid198'),('bl78','2019-04-11 00:00:00',140,0,2,221,'cid199'),('bl79','2019-04-12 00:00:00',128,1,2,205,'cid200'),('bl8','2019-01-31 00:00:00',120,0,3,263,'cid129'),('bl80','2019-04-13 00:00:00',105,0,3,240,'cid201'),('bl81','2019-04-14 00:00:00',112,0,2,250,'cid202'),('bl82','2019-04-15 00:00:00',128,0,2,308,'cid203'),('bl83','2019-04-16 00:00:00',102,0,2,318,'cid204'),('bl84','2019-04-17 00:00:00',152,1,3,298,'cid205'),('bl85','2019-04-18 00:00:00',102,0,2,265,'cid206'),('bl86','2019-04-19 00:00:00',115,0,3,564,'cid207'),('bl87','2019-04-20 00:00:00',118,0,3,277,'cid208'),('bl88','2019-04-21 00:00:00',101,1,3,197,'cid209'),('bl89','2019-04-22 00:00:00',110,0,2,214,'cid210'),('bl9','2019-02-01 00:00:00',172,1,3,199,'cid130'),('bl90','2019-04-23 00:00:00',100,0,2,248,'cid211'),('bl91','2019-04-24 00:00:00',124,1,2,255,'cid212'),('bl92','2019-04-25 00:00:00',132,0,3,207,'cid213'),('bl93','2019-04-26 00:00:00',138,0,2,223,'cid214'),('bl94','2019-04-27 00:00:00',132,1,2,288,'cid215'),('bl95','2019-04-28 00:00:00',112,0,2,160,'cid216'),('bl96','2019-04-29 00:00:00',142,0,3,226,'cid217'),('bl97','2019-04-30 00:00:00',140,0,2,394,'cid218'),('bl98','2019-05-01 00:00:00',108,1,3,233,'cid219'),('bl99','2019-05-02 00:00:00',130,0,2,315,'cid220');
/*!40000 ALTER TABLE `bloodtest` ENABLE KEYS */;
UNLOCK TABLES;

--
-- Table structure for table `cardiodiagnosis`
--

DROP TABLE IF EXISTS `cardiodiagnosis`;
/*!40101 SET @saved_cs_client     = @@character_set_client */;
/*!40101 SET character_set_client = utf8 */;
CREATE TABLE `cardiodiagnosis` (
  `cardio_id` varchar(45) NOT NULL,
  `cardioarrestdetected` int(11) DEFAULT NULL,
  `date` datetime DEFAULT NULL,
  `memberinfo_member_id` varchar(45) NOT NULL,
  PRIMARY KEY (`cardio_id`,`memberinfo_member_id`),
  KEY `fk_cardiodiagnosis_memberinfo1_idx` (`memberinfo_member_id`),
  CONSTRAINT `fk_cardiodiagnosis_memberinfo1` FOREIGN KEY (`memberinfo_member_id`) REFERENCES `memberinfo` (`member_id`) ON DELETE NO ACTION ON UPDATE NO ACTION
) ENGINE=InnoDB DEFAULT CHARSET=latin1;
/*!40101 SET character_set_client = @saved_cs_client */;

--
-- Dumping data for table `cardiodiagnosis`
--

LOCK TABLES `cardiodiagnosis` WRITE;
/*!40000 ALTER TABLE `cardiodiagnosis` DISABLE KEYS */;
INSERT INTO `cardiodiagnosis` VALUES ('cid122',1,'2019-01-24 00:00:00','M1'),('cid123',1,'2019-01-25 00:00:00','M2'),('cid124',1,'2019-01-26 00:00:00','M3'),('cid125',1,'2019-01-27 00:00:00','M4'),('cid126',1,'2019-01-28 00:00:00','M5'),('cid127',1,'2019-01-29 00:00:00','M6'),('cid128',1,'2019-01-30 00:00:00','M7'),('cid129',1,'2019-01-31 00:00:00','M8'),('cid130',1,'2019-02-01 00:00:00','M9'),('cid131',1,'2019-02-02 00:00:00','M10'),('cid132',1,'2019-02-03 00:00:00','M11'),('cid133',1,'2019-02-04 00:00:00','M12'),('cid134',1,'2019-02-05 00:00:00','M13'),('cid135',1,'2019-02-06 00:00:00','M14'),('cid136',1,'2019-02-07 00:00:00','M15'),('cid137',1,'2019-02-08 00:00:00','M16'),('cid138',1,'2019-02-09 00:00:00','M17'),('cid139',1,'2019-02-10 00:00:00','M18'),('cid140',1,'2019-02-11 00:00:00','M19'),('cid141',1,'2019-02-12 00:00:00','M20'),('cid142',1,'2019-02-13 00:00:00','M21'),('cid143',1,'2019-02-14 00:00:00','M22'),('cid144',1,'2019-02-15 00:00:00','M23'),('cid145',1,'2019-02-16 00:00:00','M24'),('cid146',1,'2019-02-17 00:00:00','M25'),('cid147',1,'2019-02-18 00:00:00','M26'),('cid148',1,'2019-02-19 00:00:00','M27'),('cid149',1,'2019-02-20 00:00:00','M28'),('cid150',1,'2019-02-21 00:00:00','M29'),('cid151',1,'2019-02-22 00:00:00','M30'),('cid152',1,'2019-02-23 00:00:00','M31'),('cid153',1,'2019-02-24 00:00:00','M32'),('cid154',1,'2019-02-25 00:00:00','M33'),('cid155',1,'2019-02-26 00:00:00','M34'),('cid156',1,'2019-02-27 00:00:00','M35'),('cid157',1,'2019-02-28 00:00:00','M36'),('cid158',1,'2019-03-01 00:00:00','M37'),('cid159',1,'2019-03-02 00:00:00','M38'),('cid160',1,'2019-03-03 00:00:00','M39'),('cid161',1,'2019-03-04 00:00:00','M40'),('cid162',1,'2019-03-05 00:00:00','M41'),('cid163',1,'2019-03-06 00:00:00','M42'),('cid164',1,'2019-03-07 00:00:00','M43'),('cid165',1,'2019-03-08 00:00:00','M44'),('cid166',1,'2019-03-09 00:00:00','M45'),('cid167',1,'2019-03-10 00:00:00','M46'),('cid168',1,'2019-03-11 00:00:00','M47'),('cid169',1,'2019-03-12 00:00:00','M48'),('cid170',1,'2019-03-13 00:00:00','M49'),('cid171',1,'2019-03-14 00:00:00','M50'),('cid172',1,'2019-03-15 00:00:00','M51'),('cid173',1,'2019-03-16 00:00:00','M52'),('cid174',1,'2019-03-17 00:00:00','M53'),('cid175',1,'2019-03-18 00:00:00','M54'),('cid176',1,'2019-03-19 00:00:00','M55'),('cid177',1,'2019-03-20 00:00:00','M56'),('cid178',1,'2019-03-21 00:00:00','M57'),('cid179',1,'2019-03-22 00:00:00','M58'),('cid180',1,'2019-03-23 00:00:00','M59'),('cid181',1,'2019-03-24 00:00:00','M60'),('cid182',1,'2019-03-25 00:00:00','M61'),('cid183',1,'2019-03-26 00:00:00','M62'),('cid184',1,'2019-03-27 00:00:00','M63'),('cid185',1,'2019-03-28 00:00:00','M64'),('cid186',1,'2019-03-29 00:00:00','M65'),('cid187',1,'2019-03-30 00:00:00','M66'),('cid188',1,'2019-03-31 00:00:00','M67'),('cid189',1,'2019-04-01 00:00:00','M68'),('cid190',1,'2019-04-02 00:00:00','M69'),('cid191',1,'2019-04-03 00:00:00','M70'),('cid192',1,'2019-04-04 00:00:00','M71'),('cid193',1,'2019-04-05 00:00:00','M72'),('cid194',1,'2019-04-06 00:00:00','M73'),('cid195',1,'2019-04-07 00:00:00','M74'),('cid196',1,'2019-04-08 00:00:00','M75'),('cid197',1,'2019-04-09 00:00:00','M76'),('cid198',1,'2019-04-10 00:00:00','M77'),('cid199',1,'2019-04-11 00:00:00','M78'),('cid200',1,'2019-04-12 00:00:00','M79'),('cid201',1,'2019-04-13 00:00:00','M80'),('cid202',1,'2019-04-14 00:00:00','M81'),('cid203',1,'2019-04-15 00:00:00','M82'),('cid204',1,'2019-04-16 00:00:00','M83'),('cid205',1,'2019-04-17 00:00:00','M84'),('cid206',1,'2019-04-18 00:00:00','M85'),('cid207',1,'2019-04-19 00:00:00','M86'),('cid208',1,'2019-04-20 00:00:00','M87'),('cid209',1,'2019-04-21 00:00:00','M88'),('cid210',1,'2019-04-22 00:00:00','M89'),('cid211',1,'2019-04-23 00:00:00','M90'),('cid212',1,'2019-04-24 00:00:00','M91'),('cid213',1,'2019-04-25 00:00:00','M92'),('cid214',1,'2019-04-26 00:00:00','M93'),('cid215',1,'2019-04-27 00:00:00','M94'),('cid216',1,'2019-04-28 00:00:00','M95'),('cid217',1,'2019-04-29 00:00:00','M96'),('cid218',1,'2019-04-30 00:00:00','M97'),('cid219',1,'2019-05-01 00:00:00','M98'),('cid220',1,'2019-05-02 00:00:00','M99'),('cid221',1,'2019-05-03 00:00:00','M100'),('cid222',1,'2019-05-04 00:00:00','M101'),('cid223',1,'2019-05-05 00:00:00','M102'),('cid224',1,'2019-05-06 00:00:00','M103'),('cid225',1,'2019-05-07 00:00:00','M104'),('cid226',1,'2019-05-08 00:00:00','M105'),('cid227',1,'2019-05-09 00:00:00','M106'),('cid228',1,'2019-05-10 00:00:00','M107'),('cid229',1,'2019-05-11 00:00:00','M108'),('cid230',1,'2019-05-12 00:00:00','M109'),('cid231',1,'2019-05-13 00:00:00','M110'),('cid232',1,'2019-05-14 00:00:00','M111'),('cid233',1,'2019-05-15 00:00:00','M112'),('cid234',1,'2019-05-16 00:00:00','M113'),('cid235',1,'2019-05-17 00:00:00','M114'),('cid236',1,'2019-05-18 00:00:00','M115'),('cid237',1,'2019-05-19 00:00:00','M116'),('cid238',1,'2019-05-20 00:00:00','M117'),('cid239',1,'2019-05-21 00:00:00','M118'),('cid240',1,'2019-05-22 00:00:00','M119'),('cid241',1,'2019-05-23 00:00:00','M120'),('cid242',1,'2019-05-24 00:00:00','M121'),('cid243',1,'2019-05-25 00:00:00','M122'),('cid244',1,'2019-05-26 00:00:00','M123'),('cid245',1,'2019-05-27 00:00:00','M124'),('cid246',1,'2019-05-28 00:00:00','M125'),('cid247',1,'2019-05-29 00:00:00','M126'),('cid248',1,'2019-05-30 00:00:00','M127'),('cid249',1,'2019-05-31 00:00:00','M128'),('cid250',1,'2019-06-01 00:00:00','M129'),('cid251',1,'2019-06-02 00:00:00','M130'),('cid252',1,'2019-06-03 00:00:00','M131'),('cid253',1,'2019-06-04 00:00:00','M132'),('cid254',1,'2019-06-05 00:00:00','M133'),('cid255',1,'2019-06-06 00:00:00','M134'),('cid256',1,'2019-06-07 00:00:00','M135'),('cid257',1,'2019-06-08 00:00:00','M136'),('cid258',1,'2019-06-09 00:00:00','M137'),('cid259',1,'2019-06-10 00:00:00','M138'),('cid260',1,'2019-06-11 00:00:00','M139'),('cid261',1,'2019-06-12 00:00:00','M140'),('cid262',1,'2019-06-13 00:00:00','M141'),('cid263',1,'2019-06-14 00:00:00','M142'),('cid264',1,'2019-06-15 00:00:00','M143'),('cid265',1,'2019-06-16 00:00:00','M144'),('cid266',1,'2019-06-17 00:00:00','M145'),('cid267',1,'2019-06-18 00:00:00','M146'),('cid268',1,'2019-06-19 00:00:00','M147'),('cid269',1,'2019-06-20 00:00:00','M148'),('cid270',1,'2019-06-21 00:00:00','M149'),('cid271',1,'2019-06-22 00:00:00','M150'),('cid272',1,'2019-06-23 00:00:00','M151'),('cid273',1,'2019-06-24 00:00:00','M152'),('cid274',1,'2019-06-25 00:00:00','M153'),('cid275',1,'2019-06-26 00:00:00','M154'),('cid276',1,'2019-06-27 00:00:00','M155'),('cid277',1,'2019-06-28 00:00:00','M156'),('cid278',1,'2019-06-29 00:00:00','M157'),('cid279',1,'2019-06-30 00:00:00','M158'),('cid280',1,'2019-07-01 00:00:00','M159'),('cid281',1,'2019-07-02 00:00:00','M160'),('cid282',1,'2019-07-03 00:00:00','M161'),('cid283',1,'2019-07-04 00:00:00','M162'),('cid284',1,'2019-07-05 00:00:00','M163'),('cid285',1,'2019-07-06 00:00:00','M164'),('cid286',1,'2019-07-07 00:00:00','M165'),('cid287',0,'2019-07-08 00:00:00','M166'),('cid288',0,'2019-07-09 00:00:00','M167'),('cid289',0,'2019-07-10 00:00:00','M168'),('cid290',0,'2019-07-11 00:00:00','M169'),('cid291',0,'2019-07-12 00:00:00','M170'),('cid292',0,'2019-07-13 00:00:00','M171'),('cid293',0,'2019-07-14 00:00:00','M172'),('cid294',0,'2019-07-15 00:00:00','M173'),('cid295',0,'2019-07-16 00:00:00','M174'),('cid296',0,'2019-07-17 00:00:00','M175'),('cid297',0,'2019-07-18 00:00:00','M176'),('cid298',0,'2019-07-19 00:00:00','M177'),('cid299',0,'2019-07-20 00:00:00','M178'),('cid300',0,'2019-07-21 00:00:00','M179'),('cid301',0,'2019-07-22 00:00:00','M180'),('cid302',0,'2019-07-23 00:00:00','M181'),('cid303',0,'2019-07-24 00:00:00','M182'),('cid304',0,'2019-07-25 00:00:00','M183'),('cid305',0,'2019-07-26 00:00:00','M184'),('cid306',0,'2019-07-27 00:00:00','M185'),('cid307',0,'2019-07-28 00:00:00','M186'),('cid308',0,'2019-07-29 00:00:00','M187'),('cid309',0,'2019-07-30 00:00:00','M188'),('cid310',0,'2019-07-31 00:00:00','M189'),('cid311',0,'2019-08-01 00:00:00','M190'),('cid312',0,'2019-08-02 00:00:00','M191'),('cid313',0,'2019-08-03 00:00:00','M192'),('cid314',0,'2019-08-04 00:00:00','M193'),('cid315',0,'2019-08-05 00:00:00','M194'),('cid316',0,'2019-08-06 00:00:00','M195'),('cid317',0,'2019-08-07 00:00:00','M196'),('cid318',0,'2019-08-08 00:00:00','M197'),('cid319',0,'2019-08-09 00:00:00','M198'),('cid320',0,'2019-08-10 00:00:00','M199'),('cid321',0,'2019-08-11 00:00:00','M200'),('cid322',0,'2019-08-12 00:00:00','M201'),('cid323',0,'2019-08-13 00:00:00','M202'),('cid324',0,'2019-08-14 00:00:00','M203'),('cid325',0,'2019-08-15 00:00:00','M204'),('cid326',0,'2019-08-16 00:00:00','M205'),('cid327',0,'2019-08-17 00:00:00','M206'),('cid328',0,'2019-08-18 00:00:00','M207'),('cid329',0,'2019-08-19 00:00:00','M208'),('cid330',0,'2019-08-20 00:00:00','M209'),('cid331',0,'2019-08-21 00:00:00','M210'),('cid332',0,'2019-08-22 00:00:00','M211'),('cid333',0,'2019-08-23 00:00:00','M212'),('cid334',0,'2019-08-24 00:00:00','M213'),('cid335',0,'2019-08-25 00:00:00','M214'),('cid336',0,'2019-08-26 00:00:00','M215'),('cid337',0,'2019-08-27 00:00:00','M216'),('cid338',0,'2019-08-28 00:00:00','M217'),('cid339',0,'2019-08-29 00:00:00','M218'),('cid340',0,'2019-08-30 00:00:00','M219'),('cid341',0,'2019-08-31 00:00:00','M220'),('cid342',0,'2019-09-01 00:00:00','M221'),('cid343',0,'2019-09-02 00:00:00','M222'),('cid344',0,'2019-09-03 00:00:00','M223'),('cid345',0,'2019-09-04 00:00:00','M224'),('cid346',0,'2019-09-05 00:00:00','M225'),('cid347',0,'2019-09-06 00:00:00','M226'),('cid348',0,'2019-09-07 00:00:00','M227'),('cid349',0,'2019-09-08 00:00:00','M228'),('cid350',0,'2019-09-09 00:00:00','M229'),('cid351',0,'2019-09-10 00:00:00','M230'),('cid352',0,'2019-09-11 00:00:00','M231'),('cid353',0,'2019-09-12 00:00:00','M232'),('cid354',0,'2019-09-13 00:00:00','M233'),('cid355',0,'2019-09-14 00:00:00','M234'),('cid356',0,'2019-09-15 00:00:00','M235'),('cid357',0,'2019-09-16 00:00:00','M236'),('cid358',0,'2019-09-17 00:00:00','M237'),('cid359',0,'2019-09-18 00:00:00','M238'),('cid360',0,'2019-09-19 00:00:00','M239'),('cid361',0,'2019-09-20 00:00:00','M240'),('cid362',0,'2019-09-21 00:00:00','M241'),('cid363',0,'2019-09-22 00:00:00','M242'),('cid364',0,'2019-09-23 00:00:00','M243'),('cid365',0,'2019-09-24 00:00:00','M244'),('cid366',0,'2019-09-25 00:00:00','M245'),('cid367',0,'2019-09-26 00:00:00','M246'),('cid368',0,'2019-09-27 00:00:00','M247'),('cid369',0,'2019-09-28 00:00:00','M248'),('cid370',0,'2019-09-29 00:00:00','M249'),('cid371',0,'2019-09-30 00:00:00','M250'),('cid372',0,'2019-10-01 00:00:00','M251'),('cid373',0,'2019-10-02 00:00:00','M252'),('cid374',0,'2019-10-03 00:00:00','M253'),('cid375',0,'2019-10-04 00:00:00','M254'),('cid376',0,'2019-10-05 00:00:00','M255'),('cid377',0,'2019-10-06 00:00:00','M256'),('cid378',0,'2019-10-07 00:00:00','M257'),('cid379',0,'2019-10-08 00:00:00','M258'),('cid380',0,'2019-10-09 00:00:00','M259'),('cid381',0,'2019-10-10 00:00:00','M260'),('cid382',0,'2019-10-11 00:00:00','M261'),('cid383',0,'2019-10-12 00:00:00','M262'),('cid384',0,'2019-10-13 00:00:00','M263'),('cid385',0,'2019-10-14 00:00:00','M264'),('cid386',0,'2019-10-15 00:00:00','M265'),('cid387',0,'2019-10-16 00:00:00','M266'),('cid388',0,'2019-10-17 00:00:00','M267'),('cid389',0,'2019-10-18 00:00:00','M268'),('cid390',0,'2019-10-19 00:00:00','M269'),('cid391',0,'2019-10-20 00:00:00','M270'),('cid392',0,'2019-10-21 00:00:00','M271'),('cid393',0,'2019-10-22 00:00:00','M272'),('cid394',0,'2019-10-23 00:00:00','M273'),('cid395',0,'2019-10-24 00:00:00','M274'),('cid396',0,'2019-10-25 00:00:00','M275'),('cid397',0,'2019-10-26 00:00:00','M276'),('cid398',0,'2019-10-27 00:00:00','M277'),('cid399',0,'2019-10-28 00:00:00','M278'),('cid400',0,'2019-10-29 00:00:00','M279'),('cid401',0,'2019-10-30 00:00:00','M280'),('cid402',0,'2019-10-31 00:00:00','M281'),('cid403',0,'2019-11-01 00:00:00','M282'),('cid404',0,'2019-11-02 00:00:00','M283'),('cid405',0,'2019-11-03 00:00:00','M284'),('cid406',0,'2019-11-04 00:00:00','M285'),('cid407',0,'2019-11-05 00:00:00','M286'),('cid408',0,'2019-11-06 00:00:00','M287'),('cid409',0,'2019-11-07 00:00:00','M288'),('cid410',0,'2019-11-08 00:00:00','M289'),('cid411',0,'2019-11-09 00:00:00','M290'),('cid412',0,'2019-11-10 00:00:00','M291'),('cid413',0,'2019-11-11 00:00:00','M292'),('cid414',0,'2019-11-12 00:00:00','M293'),('cid415',0,'2019-11-13 00:00:00','M294'),('cid416',0,'2019-11-14 00:00:00','M295'),('cid417',0,'2019-11-15 00:00:00','M296'),('cid418',0,'2019-11-16 00:00:00','M297'),('cid419',0,'2019-11-17 00:00:00','M298'),('cid420',0,'2019-11-18 00:00:00','M299'),('cid421',0,'2019-11-19 00:00:00','M300'),('cid422',0,'2019-11-20 00:00:00','M301'),('cid423',0,'2019-11-21 00:00:00','M302'),('cid424',0,'2019-11-22 00:00:00','M303');
/*!40000 ALTER TABLE `cardiodiagnosis` ENABLE KEYS */;
UNLOCK TABLES;

--
-- Table structure for table `diseasedetail`
--

DROP TABLE IF EXISTS `diseasedetail`;
/*!40101 SET @saved_cs_client     = @@character_set_client */;
/*!40101 SET character_set_client = utf8 */;
CREATE TABLE `diseasedetail` (
  `disease_id` varchar(45) NOT NULL,
  `diagnoseddate` datetime DEFAULT NULL,
  `recovereddate` datetime DEFAULT NULL,
  `isrecovered` tinyint(1) DEFAULT NULL,
  `cardiodiagnosis_cardio_id` varchar(45) NOT NULL,
  PRIMARY KEY (`disease_id`,`cardiodiagnosis_cardio_id`),
  KEY `fk_dieseasedetail_cardiodiagnosis1_idx` (`cardiodiagnosis_cardio_id`),
  CONSTRAINT `fk_dieseasedetail_cardiodiagnosis1` FOREIGN KEY (`cardiodiagnosis_cardio_id`) REFERENCES `cardiodiagnosis` (`cardio_id`) ON DELETE NO ACTION ON UPDATE NO ACTION
) ENGINE=InnoDB DEFAULT CHARSET=latin1;
/*!40101 SET character_set_client = @saved_cs_client */;

--
-- Dumping data for table `diseasedetail`
--

LOCK TABLES `diseasedetail` WRITE;
/*!40000 ALTER TABLE `diseasedetail` DISABLE KEYS */;
INSERT INTO `diseasedetail` VALUES ('D403','2019-01-24 00:00:00','2019-04-03 00:00:00',0,'cid122'),('D404','2019-01-25 00:00:00','2019-04-04 00:00:00',1,'cid123'),('D405','2019-01-26 00:00:00','2019-04-05 00:00:00',0,'cid124'),('D406','2019-01-27 00:00:00','2019-04-06 00:00:00',1,'cid125'),('D407','2019-01-28 00:00:00','2019-04-07 00:00:00',1,'cid126'),('D408','2019-01-29 00:00:00','2019-04-08 00:00:00',1,'cid127'),('D409','2019-01-30 00:00:00','2019-04-09 00:00:00',0,'cid128'),('D410','2019-01-31 00:00:00','2019-04-10 00:00:00',1,'cid129'),('D411','2019-02-01 00:00:00','2019-04-11 00:00:00',1,'cid130'),('D412','2019-02-02 00:00:00','2019-04-12 00:00:00',1,'cid131'),('D413','2019-02-03 00:00:00','2019-04-13 00:00:00',1,'cid132'),('D414','2019-02-04 00:00:00','2019-04-14 00:00:00',1,'cid133'),('D415','2019-02-05 00:00:00','2019-04-15 00:00:00',1,'cid134'),('D416','2019-02-06 00:00:00','2019-04-16 00:00:00',0,'cid135'),('D417','2019-02-07 00:00:00','2019-04-17 00:00:00',0,'cid136'),('D418','2019-02-08 00:00:00','2019-04-18 00:00:00',1,'cid137'),('D419','2019-02-09 00:00:00','2019-04-19 00:00:00',1,'cid138'),('D420','2019-02-10 00:00:00','2019-04-20 00:00:00',1,'cid139'),('D421','2019-02-11 00:00:00','2019-04-21 00:00:00',1,'cid140'),('D422','2019-02-12 00:00:00','2019-04-22 00:00:00',1,'cid141'),('D423','2019-02-13 00:00:00','2019-04-23 00:00:00',1,'cid142'),('D424','2019-02-14 00:00:00','2019-04-24 00:00:00',1,'cid143'),('D425','2019-02-15 00:00:00','2019-04-25 00:00:00',1,'cid144'),('D426','2019-02-16 00:00:00','2019-04-26 00:00:00',1,'cid145'),('D427','2019-02-17 00:00:00','2019-04-27 00:00:00',1,'cid146'),('D428','2019-02-18 00:00:00','2019-04-28 00:00:00',1,'cid147'),('D429','2019-02-19 00:00:00','2019-04-29 00:00:00',1,'cid148'),('D430','2019-02-20 00:00:00','2019-04-30 00:00:00',1,'cid149'),('D431','2019-02-21 00:00:00','2019-05-01 00:00:00',0,'cid150'),('D432','2019-02-22 00:00:00','2019-05-02 00:00:00',0,'cid151'),('D433','2019-02-23 00:00:00','2019-05-03 00:00:00',1,'cid152'),('D434','2019-02-24 00:00:00','2019-05-04 00:00:00',1,'cid153'),('D435','2019-02-25 00:00:00','2019-05-05 00:00:00',0,'cid154'),('D436','2019-02-26 00:00:00','2019-05-06 00:00:00',0,'cid155'),('D437','2019-02-27 00:00:00','2019-05-07 00:00:00',0,'cid156'),('D438','2019-02-28 00:00:00','2019-05-08 00:00:00',0,'cid157'),('D439','2019-03-01 00:00:00','2019-05-09 00:00:00',1,'cid158'),('D440','2019-03-02 00:00:00','2019-05-10 00:00:00',0,'cid159'),('D441','2019-03-03 00:00:00','2019-05-11 00:00:00',1,'cid160'),('D442','2019-03-04 00:00:00','2019-05-12 00:00:00',0,'cid161'),('D443','2019-03-05 00:00:00','2019-05-13 00:00:00',0,'cid162'),('D444','2019-03-06 00:00:00','2019-05-14 00:00:00',0,'cid163'),('D445','2019-03-07 00:00:00','2019-05-15 00:00:00',0,'cid164'),('D446','2019-03-08 00:00:00','2019-05-16 00:00:00',0,'cid165'),('D447','2019-03-09 00:00:00','2019-05-17 00:00:00',0,'cid166'),('D448','2019-03-10 00:00:00','2019-05-18 00:00:00',1,'cid167'),('D449','2019-03-11 00:00:00','2019-05-19 00:00:00',0,'cid168'),('D450','2019-03-12 00:00:00','2019-05-20 00:00:00',0,'cid169'),('D451','2019-03-13 00:00:00','2019-05-21 00:00:00',0,'cid170'),('D452','2019-03-14 00:00:00','2019-05-22 00:00:00',0,'cid171'),('D453','2019-03-15 00:00:00','2019-05-23 00:00:00',0,'cid172'),('D454','2019-03-16 00:00:00','2019-05-24 00:00:00',0,'cid173'),('D455','2019-03-17 00:00:00','2019-05-25 00:00:00',1,'cid174'),('D456','2019-03-18 00:00:00','2019-05-26 00:00:00',1,'cid175'),('D457','2019-03-19 00:00:00','2019-05-27 00:00:00',0,'cid176'),('D458','2019-03-20 00:00:00','2019-05-28 00:00:00',1,'cid177'),('D459','2019-03-21 00:00:00','2019-05-29 00:00:00',0,'cid178'),('D460','2019-03-22 00:00:00','2019-05-30 00:00:00',0,'cid179'),('D461','2019-03-23 00:00:00','2019-05-31 00:00:00',0,'cid180'),('D462','2019-03-24 00:00:00','2019-06-01 00:00:00',0,'cid181'),('D463','2019-03-25 00:00:00','2019-06-02 00:00:00',0,'cid182'),('D464','2019-03-26 00:00:00','2019-06-03 00:00:00',1,'cid183'),('D465','2019-03-27 00:00:00','2019-06-04 00:00:00',0,'cid184'),('D466','2019-03-28 00:00:00','2019-06-05 00:00:00',1,'cid185'),('D467','2019-03-29 00:00:00','2019-06-06 00:00:00',0,'cid186'),('D468','2019-03-30 00:00:00','2019-06-07 00:00:00',1,'cid187'),('D469','2019-03-31 00:00:00','2019-06-08 00:00:00',1,'cid188'),('D470','2019-04-01 00:00:00','2019-06-09 00:00:00',0,'cid189'),('D471','2019-04-02 00:00:00','2019-06-10 00:00:00',1,'cid190'),('D472','2019-04-03 00:00:00','2019-06-11 00:00:00',1,'cid191'),('D473','2019-04-04 00:00:00','2019-06-12 00:00:00',0,'cid192'),('D474','2019-04-05 00:00:00','2019-06-13 00:00:00',1,'cid193'),('D475','2019-04-06 00:00:00','2019-06-14 00:00:00',0,'cid194'),('D476','2019-04-07 00:00:00','2019-06-15 00:00:00',0,'cid195'),('D477','2019-04-08 00:00:00','2019-06-16 00:00:00',1,'cid196'),('D478','2019-04-09 00:00:00','2019-06-17 00:00:00',0,'cid197'),('D479','2019-04-10 00:00:00','2019-06-18 00:00:00',0,'cid198'),('D480','2019-04-11 00:00:00','2019-06-19 00:00:00',1,'cid199'),('D481','2019-04-12 00:00:00','2019-06-20 00:00:00',1,'cid200'),('D482','2019-04-13 00:00:00','2019-06-21 00:00:00',0,'cid201'),('D483','2019-04-14 00:00:00','2019-06-22 00:00:00',1,'cid202'),('D484','2019-04-15 00:00:00','2019-06-23 00:00:00',0,'cid203'),('D485','2019-04-16 00:00:00','2019-06-24 00:00:00',1,'cid204'),('D486','2019-04-17 00:00:00','2019-06-25 00:00:00',1,'cid205'),('D487','2019-04-18 00:00:00','2019-06-26 00:00:00',0,'cid206'),('D488','2019-04-19 00:00:00','2019-06-27 00:00:00',0,'cid207'),('D489','2019-04-20 00:00:00','2019-06-28 00:00:00',1,'cid208'),('D490','2019-04-21 00:00:00','2019-06-29 00:00:00',1,'cid209'),('D491','2019-04-22 00:00:00','2019-06-30 00:00:00',1,'cid210'),('D492','2019-04-23 00:00:00','2019-07-01 00:00:00',0,'cid211'),('D493','2019-04-24 00:00:00','2019-07-02 00:00:00',1,'cid212'),('D494','2019-04-25 00:00:00','2019-07-03 00:00:00',1,'cid213'),('D495','2019-04-26 00:00:00','2019-07-04 00:00:00',1,'cid214'),('D496','2019-04-27 00:00:00','2019-07-05 00:00:00',0,'cid215'),('D497','2019-04-28 00:00:00','2019-07-06 00:00:00',1,'cid216'),('D498','2019-04-29 00:00:00','2019-07-07 00:00:00',0,'cid217'),('D499','2019-04-30 00:00:00','2019-07-08 00:00:00',0,'cid218'),('D500','2019-05-01 00:00:00','2019-07-09 00:00:00',1,'cid219'),('D501','2019-05-02 00:00:00','2019-07-10 00:00:00',1,'cid220'),('D502','2019-05-03 00:00:00','2019-07-11 00:00:00',0,'cid221'),('D503','2019-05-04 00:00:00','2019-07-12 00:00:00',0,'cid222'),('D504','2019-05-05 00:00:00','2019-07-13 00:00:00',0,'cid223'),('D505','2019-05-06 00:00:00','2019-07-14 00:00:00',1,'cid224'),('D506','2019-05-07 00:00:00','2019-07-15 00:00:00',1,'cid225'),('D507','2019-05-08 00:00:00','2019-07-16 00:00:00',1,'cid226'),('D508','2019-05-09 00:00:00','2019-07-17 00:00:00',0,'cid227'),('D509','2019-05-10 00:00:00','2019-07-18 00:00:00',0,'cid228'),('D510','2019-05-11 00:00:00','2019-07-19 00:00:00',0,'cid229'),('D511','2019-05-12 00:00:00','2019-07-20 00:00:00',1,'cid230'),('D512','2019-05-13 00:00:00','2019-07-21 00:00:00',0,'cid231'),('D513','2019-05-14 00:00:00','2019-07-22 00:00:00',1,'cid232'),('D514','2019-05-15 00:00:00','2019-07-23 00:00:00',1,'cid233'),('D515','2019-05-16 00:00:00','2019-07-24 00:00:00',1,'cid234'),('D516','2019-05-17 00:00:00','2019-07-25 00:00:00',1,'cid235'),('D517','2019-05-18 00:00:00','2019-07-26 00:00:00',1,'cid236'),('D518','2019-05-19 00:00:00','2019-07-27 00:00:00',1,'cid237'),('D519','2019-05-20 00:00:00','2019-07-28 00:00:00',0,'cid238'),('D520','2019-05-21 00:00:00','2019-07-29 00:00:00',0,'cid239'),('D521','2019-05-22 00:00:00','2019-07-30 00:00:00',1,'cid240'),('D522','2019-05-23 00:00:00','2019-07-31 00:00:00',0,'cid241'),('D523','2019-05-24 00:00:00','2019-08-01 00:00:00',1,'cid242'),('D524','2019-05-25 00:00:00','2019-08-02 00:00:00',0,'cid243'),('D525','2019-05-26 00:00:00','2019-08-03 00:00:00',0,'cid244'),('D526','2019-05-27 00:00:00','2019-08-04 00:00:00',0,'cid245'),('D527','2019-05-28 00:00:00','2019-08-05 00:00:00',1,'cid246'),('D528','2019-05-29 00:00:00','2019-08-06 00:00:00',1,'cid247'),('D529','2019-05-30 00:00:00','2019-08-07 00:00:00',1,'cid248'),('D530','2019-05-31 00:00:00','2019-08-08 00:00:00',1,'cid249'),('D531','2019-06-01 00:00:00','2019-08-09 00:00:00',0,'cid250'),('D532','2019-06-02 00:00:00','2019-08-10 00:00:00',0,'cid251'),('D533','2019-06-03 00:00:00','2019-08-11 00:00:00',1,'cid252'),('D534','2019-06-04 00:00:00','2019-08-12 00:00:00',1,'cid253'),('D535','2019-06-05 00:00:00','2019-08-13 00:00:00',1,'cid254'),('D536','2019-06-06 00:00:00','2019-08-14 00:00:00',1,'cid255'),('D537','2019-06-07 00:00:00','2019-08-15 00:00:00',1,'cid256'),('D538','2019-06-08 00:00:00','2019-08-16 00:00:00',1,'cid257'),('D539','2019-06-09 00:00:00','2019-08-17 00:00:00',1,'cid258'),('D540','2019-06-10 00:00:00','2019-08-18 00:00:00',0,'cid259'),('D541','2019-06-11 00:00:00','2019-08-19 00:00:00',1,'cid260'),('D542','2019-06-12 00:00:00','2019-08-20 00:00:00',1,'cid261'),('D543','2019-06-13 00:00:00','2019-08-21 00:00:00',0,'cid262'),('D544','2019-06-14 00:00:00','2019-08-22 00:00:00',1,'cid263'),('D545','2019-06-15 00:00:00','2019-08-23 00:00:00',1,'cid264'),('D546','2019-06-16 00:00:00','2019-08-24 00:00:00',1,'cid265'),('D547','2019-06-17 00:00:00','2019-08-25 00:00:00',0,'cid266'),('D548','2019-06-18 00:00:00','2019-08-26 00:00:00',0,'cid267'),('D549','2019-06-19 00:00:00','2019-08-27 00:00:00',1,'cid268'),('D550','2019-06-20 00:00:00','2019-08-28 00:00:00',1,'cid269'),('D551','2019-06-21 00:00:00','2019-08-29 00:00:00',1,'cid270'),('D552','2019-06-22 00:00:00','2019-08-30 00:00:00',1,'cid271'),('D553','2019-06-23 00:00:00','2019-08-31 00:00:00',0,'cid272'),('D554','2019-06-24 00:00:00','2019-09-01 00:00:00',1,'cid273'),('D555','2019-06-25 00:00:00','2019-09-02 00:00:00',0,'cid274'),('D556','2019-06-26 00:00:00','2019-09-03 00:00:00',0,'cid275'),('D557','2019-06-27 00:00:00','2019-09-04 00:00:00',1,'cid276'),('D558','2019-06-28 00:00:00','2019-09-05 00:00:00',1,'cid277'),('D559','2019-06-29 00:00:00','2019-09-06 00:00:00',1,'cid278'),('D560','2019-06-30 00:00:00','2019-09-07 00:00:00',1,'cid279'),('D561','2019-07-01 00:00:00','2019-09-08 00:00:00',1,'cid280'),('D562','2019-07-02 00:00:00','2019-09-09 00:00:00',0,'cid281'),('D563','2019-07-03 00:00:00','2019-09-10 00:00:00',1,'cid282'),('D564','2019-07-04 00:00:00','2019-09-11 00:00:00',1,'cid283'),('D565','2019-07-05 00:00:00','2019-09-12 00:00:00',1,'cid284'),('D566','2019-07-06 00:00:00','2019-09-13 00:00:00',1,'cid285'),('D567','2019-07-07 00:00:00','2019-09-14 00:00:00',1,'cid286'),('D568','2019-07-08 00:00:00','2019-09-15 00:00:00',0,'cid287'),('D569','2019-07-09 00:00:00','2019-09-16 00:00:00',0,'cid288'),('D570','2019-07-10 00:00:00','2019-09-17 00:00:00',0,'cid289'),('D571','2019-07-11 00:00:00','2019-09-18 00:00:00',0,'cid290'),('D572','2019-07-12 00:00:00','2019-09-19 00:00:00',0,'cid291'),('D573','2019-07-13 00:00:00','2019-09-20 00:00:00',0,'cid292'),('D574','2019-07-14 00:00:00','2019-09-21 00:00:00',1,'cid293'),('D575','2019-07-15 00:00:00','2019-09-22 00:00:00',0,'cid294'),('D576','2019-07-16 00:00:00','2019-09-23 00:00:00',0,'cid295'),('D577','2019-07-17 00:00:00','2019-09-24 00:00:00',0,'cid296'),('D578','2019-07-18 00:00:00','2019-09-25 00:00:00',0,'cid297'),('D579','2019-07-19 00:00:00','2019-09-26 00:00:00',1,'cid298'),('D580','2019-07-20 00:00:00','2019-09-27 00:00:00',1,'cid299'),('D581','2019-07-21 00:00:00','2019-09-28 00:00:00',0,'cid300'),('D582','2019-07-22 00:00:00','2019-09-29 00:00:00',0,'cid301'),('D583','2019-07-23 00:00:00','2019-09-30 00:00:00',1,'cid302'),('D584','2019-07-24 00:00:00','2019-10-01 00:00:00',0,'cid303'),('D585','2019-07-25 00:00:00','2019-10-02 00:00:00',0,'cid304'),('D586','2019-07-26 00:00:00','2019-10-03 00:00:00',0,'cid305'),('D587','2019-07-27 00:00:00','2019-10-04 00:00:00',0,'cid306'),('D588','2019-07-28 00:00:00','2019-10-05 00:00:00',0,'cid307'),('D589','2019-07-29 00:00:00','2019-10-06 00:00:00',1,'cid308'),('D590','2019-07-30 00:00:00','2019-10-07 00:00:00',0,'cid309'),('D591','2019-07-31 00:00:00','2019-10-08 00:00:00',1,'cid310'),('D592','2019-08-01 00:00:00','2019-10-09 00:00:00',0,'cid311'),('D593','2019-08-02 00:00:00','2019-10-10 00:00:00',1,'cid312'),('D594','2019-08-03 00:00:00','2019-10-11 00:00:00',0,'cid313'),('D595','2019-08-04 00:00:00','2019-10-12 00:00:00',1,'cid314'),('D596','2019-08-05 00:00:00','2019-10-13 00:00:00',0,'cid315'),('D597','2019-08-06 00:00:00','2019-10-14 00:00:00',0,'cid316'),('D598','2019-08-07 00:00:00','2019-10-15 00:00:00',0,'cid317'),('D599','2019-08-08 00:00:00','2019-10-16 00:00:00',1,'cid318'),('D600','2019-08-09 00:00:00','2019-10-17 00:00:00',1,'cid319'),('D601','2019-08-10 00:00:00','2019-10-18 00:00:00',1,'cid320'),('D602','2019-08-11 00:00:00','2019-10-19 00:00:00',0,'cid321'),('D603','2019-08-12 00:00:00','2019-10-20 00:00:00',0,'cid322'),('D604','2019-08-13 00:00:00','2019-10-21 00:00:00',0,'cid323'),('D605','2019-08-14 00:00:00','2019-10-22 00:00:00',0,'cid324'),('D606','2019-08-15 00:00:00','2019-10-23 00:00:00',0,'cid325'),('D607','2019-08-16 00:00:00','2019-10-24 00:00:00',0,'cid326'),('D608','2019-08-17 00:00:00','2019-10-25 00:00:00',1,'cid327'),('D609','2019-08-18 00:00:00','2019-10-26 00:00:00',0,'cid328'),('D610','2019-08-19 00:00:00','2019-10-27 00:00:00',0,'cid329'),('D611','2019-08-20 00:00:00','2019-10-28 00:00:00',1,'cid330'),('D612','2019-08-21 00:00:00','2019-10-29 00:00:00',1,'cid331'),('D613','2019-08-22 00:00:00','2019-10-30 00:00:00',0,'cid332'),('D614','2019-08-23 00:00:00','2019-10-31 00:00:00',1,'cid333'),('D615','2019-08-24 00:00:00','2019-11-01 00:00:00',1,'cid334'),('D616','2019-08-25 00:00:00','2019-11-02 00:00:00',0,'cid335'),('D617','2019-08-26 00:00:00','2019-11-03 00:00:00',0,'cid336'),('D618','2019-08-27 00:00:00','2019-11-04 00:00:00',0,'cid337'),('D619','2019-08-28 00:00:00','2019-11-05 00:00:00',1,'cid338'),('D620','2019-08-29 00:00:00','2019-11-06 00:00:00',0,'cid339'),('D621','2019-08-30 00:00:00','2019-11-07 00:00:00',0,'cid340'),('D622','2019-08-31 00:00:00','2019-11-08 00:00:00',0,'cid341'),('D623','2019-09-01 00:00:00','2019-11-09 00:00:00',0,'cid342'),('D624','2019-09-02 00:00:00','2019-11-10 00:00:00',1,'cid343'),('D625','2019-09-03 00:00:00','2019-11-11 00:00:00',0,'cid344'),('D626','2019-09-04 00:00:00','2019-11-12 00:00:00',0,'cid345'),('D627','2019-09-05 00:00:00','2019-11-13 00:00:00',1,'cid346'),('D628','2019-09-06 00:00:00','2019-11-14 00:00:00',1,'cid347'),('D629','2019-09-07 00:00:00','2019-11-15 00:00:00',0,'cid348'),('D630','2019-09-08 00:00:00','2019-11-16 00:00:00',1,'cid349'),('D631','2019-09-09 00:00:00','2019-11-17 00:00:00',0,'cid350'),('D632','2019-09-10 00:00:00','2019-11-18 00:00:00',1,'cid351'),('D633','2019-09-11 00:00:00','2019-11-19 00:00:00',1,'cid352'),('D634','2019-09-12 00:00:00','2019-11-20 00:00:00',0,'cid353'),('D635','2019-09-13 00:00:00','2019-11-21 00:00:00',0,'cid354'),('D636','2019-09-14 00:00:00','2019-11-22 00:00:00',0,'cid355'),('D637','2019-09-15 00:00:00','2019-11-23 00:00:00',0,'cid356'),('D638','2019-09-16 00:00:00','2019-11-24 00:00:00',1,'cid357'),('D639','2019-09-17 00:00:00','2019-11-25 00:00:00',0,'cid358'),('D640','2019-09-18 00:00:00','2019-11-26 00:00:00',0,'cid359'),('D641','2019-09-19 00:00:00','2019-11-27 00:00:00',0,'cid360'),('D642','2019-09-20 00:00:00','2019-11-28 00:00:00',0,'cid361'),('D643','2019-09-21 00:00:00','2019-11-29 00:00:00',1,'cid362'),('D644','2019-09-22 00:00:00','2019-11-30 00:00:00',1,'cid363'),('D645','2019-09-23 00:00:00','2019-12-01 00:00:00',0,'cid364'),('D646','2019-09-24 00:00:00','2019-12-02 00:00:00',1,'cid365'),('D647','2019-09-25 00:00:00','2019-12-03 00:00:00',0,'cid366'),('D648','2019-09-26 00:00:00','2019-12-04 00:00:00',0,'cid367'),('D649','2019-09-27 00:00:00','2019-12-05 00:00:00',0,'cid368'),('D650','2019-09-28 00:00:00','2019-12-06 00:00:00',1,'cid369'),('D651','2019-09-29 00:00:00','2019-12-07 00:00:00',0,'cid370'),('D652','2019-09-30 00:00:00','2019-12-08 00:00:00',0,'cid371'),('D653','2019-10-01 00:00:00','2019-12-09 00:00:00',1,'cid372'),('D654','2019-10-02 00:00:00','2019-12-10 00:00:00',0,'cid373'),('D655','2019-10-03 00:00:00','2019-12-11 00:00:00',1,'cid374'),('D656','2019-10-04 00:00:00','2019-12-12 00:00:00',0,'cid375'),('D657','2019-10-05 00:00:00','2019-12-13 00:00:00',0,'cid376'),('D658','2019-10-06 00:00:00','2019-12-14 00:00:00',0,'cid377'),('D659','2019-10-07 00:00:00','2019-12-15 00:00:00',0,'cid378'),('D660','2019-10-08 00:00:00','2019-12-16 00:00:00',0,'cid379'),('D661','2019-10-09 00:00:00','2019-12-17 00:00:00',1,'cid380'),('D662','2019-10-10 00:00:00','2019-12-18 00:00:00',1,'cid381'),('D663','2019-10-11 00:00:00','2019-12-19 00:00:00',1,'cid382'),('D664','2019-10-12 00:00:00','2019-12-20 00:00:00',1,'cid383'),('D665','2019-10-13 00:00:00','2019-12-21 00:00:00',1,'cid384'),('D666','2019-10-14 00:00:00','2019-12-22 00:00:00',1,'cid385'),('D667','2019-10-15 00:00:00','2019-12-23 00:00:00',0,'cid386'),('D668','2019-10-16 00:00:00','2019-12-24 00:00:00',0,'cid387'),('D669','2019-10-17 00:00:00','2019-12-25 00:00:00',1,'cid388'),('D670','2019-10-18 00:00:00','2019-12-26 00:00:00',0,'cid389'),('D671','2019-10-19 00:00:00','2019-12-27 00:00:00',0,'cid390'),('D672','2019-10-20 00:00:00','2019-12-28 00:00:00',0,'cid391'),('D673','2019-10-21 00:00:00','2019-12-29 00:00:00',0,'cid392'),('D674','2019-10-22 00:00:00','2019-12-30 00:00:00',1,'cid393'),('D675','2019-10-23 00:00:00','2019-12-31 00:00:00',1,'cid394'),('D676','2019-10-24 00:00:00','2020-01-01 00:00:00',1,'cid395'),('D677','2019-10-25 00:00:00','2020-01-02 00:00:00',0,'cid396'),('D678','2019-10-26 00:00:00','2020-01-03 00:00:00',1,'cid397'),('D679','2019-10-27 00:00:00','2020-01-04 00:00:00',1,'cid398'),('D680','2019-10-28 00:00:00','2020-01-05 00:00:00',1,'cid399'),('D681','2019-10-29 00:00:00','2020-01-06 00:00:00',0,'cid400'),('D682','2019-10-30 00:00:00','2020-01-07 00:00:00',0,'cid401'),('D683','2019-10-31 00:00:00','2020-01-08 00:00:00',1,'cid402'),('D684','2019-11-01 00:00:00','2020-01-09 00:00:00',1,'cid403'),('D685','2019-11-02 00:00:00','2020-01-10 00:00:00',1,'cid404'),('D686','2019-11-03 00:00:00','2020-01-11 00:00:00',1,'cid405'),('D687','2019-11-04 00:00:00','2020-01-12 00:00:00',0,'cid406'),('D688','2019-11-05 00:00:00','2020-01-13 00:00:00',1,'cid407'),('D689','2019-11-06 00:00:00','2020-01-14 00:00:00',1,'cid408'),('D690','2019-11-07 00:00:00','2020-01-15 00:00:00',0,'cid409'),('D691','2019-11-08 00:00:00','2020-01-16 00:00:00',1,'cid410'),('D692','2019-11-09 00:00:00','2020-01-17 00:00:00',0,'cid411'),('D693','2019-11-10 00:00:00','2020-01-18 00:00:00',1,'cid412'),('D694','2019-11-11 00:00:00','2020-01-19 00:00:00',1,'cid413'),('D695','2019-11-12 00:00:00','2020-01-20 00:00:00',0,'cid414'),('D696','2019-11-13 00:00:00','2020-01-21 00:00:00',0,'cid415'),('D697','2019-11-14 00:00:00','2020-01-22 00:00:00',1,'cid416'),('D698','2019-11-15 00:00:00','2020-01-23 00:00:00',0,'cid417'),('D699','2019-11-16 00:00:00','2020-01-24 00:00:00',1,'cid418'),('D700','2019-11-17 00:00:00','2020-01-25 00:00:00',0,'cid419'),('D701','2019-11-18 00:00:00','2020-01-26 00:00:00',1,'cid420'),('D702','2019-11-19 00:00:00','2020-01-27 00:00:00',1,'cid421'),('D703','2019-11-20 00:00:00','2020-01-28 00:00:00',1,'cid422'),('D704','2019-11-21 00:00:00','2020-01-29 00:00:00',1,'cid423'),('D705','2019-11-22 00:00:00','2020-01-30 00:00:00',0,'cid424');
/*!40000 ALTER TABLE `diseasedetail` ENABLE KEYS */;
UNLOCK TABLES;

--
-- Table structure for table `ecgreport`
--

DROP TABLE IF EXISTS `ecgreport`;
/*!40101 SET @saved_cs_client     = @@character_set_client */;
/*!40101 SET character_set_client = utf8 */;
CREATE TABLE `ecgreport` (
  `ecg_id` varchar(45) NOT NULL,
  `date` datetime DEFAULT NULL,
  `restecg` int(11) DEFAULT NULL,
  `cardiodiagnosis_cardio_id` varchar(45) NOT NULL,
  PRIMARY KEY (`ecg_id`,`cardiodiagnosis_cardio_id`),
  KEY `fk_ecgreport_cardiodiagnosis1_idx` (`cardiodiagnosis_cardio_id`),
  CONSTRAINT `fk_ecgreport_cardiodiagnosis1` FOREIGN KEY (`cardiodiagnosis_cardio_id`) REFERENCES `cardiodiagnosis` (`cardio_id`) ON DELETE NO ACTION ON UPDATE NO ACTION
) ENGINE=InnoDB DEFAULT CHARSET=latin1;
/*!40101 SET character_set_client = @saved_cs_client */;

--
-- Dumping data for table `ecgreport`
--

LOCK TABLES `ecgreport` WRITE;
/*!40000 ALTER TABLE `ecgreport` DISABLE KEYS */;
INSERT INTO `ecgreport` VALUES ('ecgid1','2019-01-24 00:00:00',0,'cid122'),('ecgid10','2019-02-02 00:00:00',1,'cid131'),('ecgid100','2019-05-03 00:00:00',0,'cid221'),('ecgid101','2019-05-04 00:00:00',0,'cid222'),('ecgid102','2019-05-05 00:00:00',0,'cid223'),('ecgid103','2019-05-06 00:00:00',1,'cid224'),('ecgid104','2019-05-07 00:00:00',1,'cid225'),('ecgid105','2019-05-08 00:00:00',1,'cid226'),('ecgid106','2019-05-09 00:00:00',0,'cid227'),('ecgid107','2019-05-10 00:00:00',0,'cid228'),('ecgid108','2019-05-11 00:00:00',0,'cid229'),('ecgid109','2019-05-12 00:00:00',1,'cid230'),('ecgid11','2019-02-03 00:00:00',1,'cid132'),('ecgid110','2019-05-13 00:00:00',0,'cid231'),('ecgid111','2019-05-14 00:00:00',1,'cid232'),('ecgid112','2019-05-15 00:00:00',1,'cid233'),('ecgid113','2019-05-16 00:00:00',1,'cid234'),('ecgid114','2019-05-17 00:00:00',1,'cid235'),('ecgid115','2019-05-18 00:00:00',1,'cid236'),('ecgid116','2019-05-19 00:00:00',1,'cid237'),('ecgid117','2019-05-20 00:00:00',0,'cid238'),('ecgid118','2019-05-21 00:00:00',0,'cid239'),('ecgid119','2019-05-22 00:00:00',1,'cid240'),('ecgid12','2019-02-04 00:00:00',1,'cid133'),('ecgid120','2019-05-23 00:00:00',0,'cid241'),('ecgid121','2019-05-24 00:00:00',1,'cid242'),('ecgid122','2019-05-25 00:00:00',0,'cid243'),('ecgid123','2019-05-26 00:00:00',0,'cid244'),('ecgid124','2019-05-27 00:00:00',0,'cid245'),('ecgid125','2019-05-28 00:00:00',1,'cid246'),('ecgid126','2019-05-29 00:00:00',1,'cid247'),('ecgid127','2019-05-30 00:00:00',1,'cid248'),('ecgid128','2019-05-31 00:00:00',1,'cid249'),('ecgid129','2019-06-01 00:00:00',0,'cid250'),('ecgid13','2019-02-05 00:00:00',1,'cid134'),('ecgid130','2019-06-02 00:00:00',0,'cid251'),('ecgid131','2019-06-03 00:00:00',1,'cid252'),('ecgid132','2019-06-04 00:00:00',1,'cid253'),('ecgid133','2019-06-05 00:00:00',1,'cid254'),('ecgid134','2019-06-06 00:00:00',1,'cid255'),('ecgid135','2019-06-07 00:00:00',1,'cid256'),('ecgid136','2019-06-08 00:00:00',1,'cid257'),('ecgid137','2019-06-09 00:00:00',1,'cid258'),('ecgid138','2019-06-10 00:00:00',0,'cid259'),('ecgid139','2019-06-11 00:00:00',1,'cid260'),('ecgid14','2019-02-06 00:00:00',0,'cid135'),('ecgid140','2019-06-12 00:00:00',1,'cid261'),('ecgid141','2019-06-13 00:00:00',0,'cid262'),('ecgid142','2019-06-14 00:00:00',1,'cid263'),('ecgid143','2019-06-15 00:00:00',1,'cid264'),('ecgid144','2019-06-16 00:00:00',1,'cid265'),('ecgid145','2019-06-17 00:00:00',2,'cid266'),('ecgid146','2019-06-18 00:00:00',0,'cid267'),('ecgid147','2019-06-19 00:00:00',1,'cid268'),('ecgid148','2019-06-20 00:00:00',1,'cid269'),('ecgid149','2019-06-21 00:00:00',1,'cid270'),('ecgid15','2019-02-07 00:00:00',0,'cid136'),('ecgid150','2019-06-22 00:00:00',1,'cid271'),('ecgid151','2019-06-23 00:00:00',0,'cid272'),('ecgid152','2019-06-24 00:00:00',1,'cid273'),('ecgid153','2019-06-25 00:00:00',0,'cid274'),('ecgid154','2019-06-26 00:00:00',0,'cid275'),('ecgid155','2019-06-27 00:00:00',1,'cid276'),('ecgid156','2019-06-28 00:00:00',1,'cid277'),('ecgid157','2019-06-29 00:00:00',1,'cid278'),('ecgid158','2019-06-30 00:00:00',1,'cid279'),('ecgid159','2019-07-01 00:00:00',1,'cid280'),('ecgid16','2019-02-08 00:00:00',1,'cid137'),('ecgid160','2019-07-02 00:00:00',0,'cid281'),('ecgid161','2019-07-03 00:00:00',1,'cid282'),('ecgid162','2019-07-04 00:00:00',1,'cid283'),('ecgid163','2019-07-05 00:00:00',1,'cid284'),('ecgid164','2019-07-06 00:00:00',1,'cid285'),('ecgid165','2019-07-07 00:00:00',1,'cid286'),('ecgid166','2019-07-08 00:00:00',0,'cid287'),('ecgid167','2019-07-09 00:00:00',0,'cid288'),('ecgid168','2019-07-10 00:00:00',0,'cid289'),('ecgid169','2019-07-11 00:00:00',0,'cid290'),('ecgid17','2019-02-09 00:00:00',1,'cid138'),('ecgid170','2019-07-12 00:00:00',0,'cid291'),('ecgid171','2019-07-13 00:00:00',0,'cid292'),('ecgid172','2019-07-14 00:00:00',1,'cid293'),('ecgid173','2019-07-15 00:00:00',0,'cid294'),('ecgid174','2019-07-16 00:00:00',0,'cid295'),('ecgid175','2019-07-17 00:00:00',0,'cid296'),('ecgid176','2019-07-18 00:00:00',0,'cid297'),('ecgid177','2019-07-19 00:00:00',1,'cid298'),('ecgid178','2019-07-20 00:00:00',1,'cid299'),('ecgid179','2019-07-21 00:00:00',0,'cid300'),('ecgid18','2019-02-10 00:00:00',1,'cid139'),('ecgid180','2019-07-22 00:00:00',0,'cid301'),('ecgid181','2019-07-23 00:00:00',1,'cid302'),('ecgid182','2019-07-24 00:00:00',0,'cid303'),('ecgid183','2019-07-25 00:00:00',0,'cid304'),('ecgid184','2019-07-26 00:00:00',0,'cid305'),('ecgid185','2019-07-27 00:00:00',0,'cid306'),('ecgid186','2019-07-28 00:00:00',0,'cid307'),('ecgid187','2019-07-29 00:00:00',1,'cid308'),('ecgid188','2019-07-30 00:00:00',0,'cid309'),('ecgid189','2019-07-31 00:00:00',1,'cid310'),('ecgid19','2019-02-11 00:00:00',1,'cid140'),('ecgid190','2019-08-01 00:00:00',0,'cid311'),('ecgid191','2019-08-02 00:00:00',1,'cid312'),('ecgid192','2019-08-03 00:00:00',0,'cid313'),('ecgid193','2019-08-04 00:00:00',1,'cid314'),('ecgid194','2019-08-05 00:00:00',0,'cid315'),('ecgid195','2019-08-06 00:00:00',0,'cid316'),('ecgid196','2019-08-07 00:00:00',0,'cid317'),('ecgid197','2019-08-08 00:00:00',1,'cid318'),('ecgid198','2019-08-09 00:00:00',1,'cid319'),('ecgid199','2019-08-10 00:00:00',1,'cid320'),('ecgid2','2019-01-25 00:00:00',1,'cid123'),('ecgid20','2019-02-12 00:00:00',1,'cid141'),('ecgid200','2019-08-11 00:00:00',0,'cid321'),('ecgid201','2019-08-12 00:00:00',0,'cid322'),('ecgid202','2019-08-13 00:00:00',0,'cid323'),('ecgid203','2019-08-14 00:00:00',0,'cid324'),('ecgid204','2019-08-15 00:00:00',0,'cid325'),('ecgid205','2019-08-16 00:00:00',0,'cid326'),('ecgid206','2019-08-17 00:00:00',1,'cid327'),('ecgid207','2019-08-18 00:00:00',0,'cid328'),('ecgid208','2019-08-19 00:00:00',0,'cid329'),('ecgid209','2019-08-20 00:00:00',1,'cid330'),('ecgid21','2019-02-13 00:00:00',1,'cid142'),('ecgid210','2019-08-21 00:00:00',1,'cid331'),('ecgid211','2019-08-22 00:00:00',0,'cid332'),('ecgid212','2019-08-23 00:00:00',1,'cid333'),('ecgid213','2019-08-24 00:00:00',1,'cid334'),('ecgid214','2019-08-25 00:00:00',0,'cid335'),('ecgid215','2019-08-26 00:00:00',0,'cid336'),('ecgid216','2019-08-27 00:00:00',0,'cid337'),('ecgid217','2019-08-28 00:00:00',1,'cid338'),('ecgid218','2019-08-29 00:00:00',0,'cid339'),('ecgid219','2019-08-30 00:00:00',0,'cid340'),('ecgid22','2019-02-14 00:00:00',1,'cid143'),('ecgid220','2019-08-31 00:00:00',0,'cid341'),('ecgid221','2019-09-01 00:00:00',0,'cid342'),('ecgid222','2019-09-02 00:00:00',1,'cid343'),('ecgid223','2019-09-03 00:00:00',0,'cid344'),('ecgid224','2019-09-04 00:00:00',0,'cid345'),('ecgid225','2019-09-05 00:00:00',1,'cid346'),('ecgid226','2019-09-06 00:00:00',1,'cid347'),('ecgid227','2019-09-07 00:00:00',0,'cid348'),('ecgid228','2019-09-08 00:00:00',1,'cid349'),('ecgid229','2019-09-09 00:00:00',0,'cid350'),('ecgid23','2019-02-15 00:00:00',1,'cid144'),('ecgid230','2019-09-10 00:00:00',1,'cid351'),('ecgid231','2019-09-11 00:00:00',1,'cid352'),('ecgid232','2019-09-12 00:00:00',0,'cid353'),('ecgid233','2019-09-13 00:00:00',0,'cid354'),('ecgid234','2019-09-14 00:00:00',0,'cid355'),('ecgid235','2019-09-15 00:00:00',0,'cid356'),('ecgid236','2019-09-16 00:00:00',1,'cid357'),('ecgid237','2019-09-17 00:00:00',0,'cid358'),('ecgid238','2019-09-18 00:00:00',0,'cid359'),('ecgid239','2019-09-19 00:00:00',0,'cid360'),('ecgid24','2019-02-16 00:00:00',1,'cid145'),('ecgid240','2019-09-20 00:00:00',0,'cid361'),('ecgid241','2019-09-21 00:00:00',1,'cid362'),('ecgid242','2019-09-22 00:00:00',1,'cid363'),('ecgid243','2019-09-23 00:00:00',0,'cid364'),('ecgid244','2019-09-24 00:00:00',1,'cid365'),('ecgid245','2019-09-25 00:00:00',0,'cid366'),('ecgid246','2019-09-26 00:00:00',0,'cid367'),('ecgid247','2019-09-27 00:00:00',0,'cid368'),('ecgid248','2019-09-28 00:00:00',1,'cid369'),('ecgid249','2019-09-29 00:00:00',0,'cid370'),('ecgid25','2019-02-17 00:00:00',1,'cid146'),('ecgid250','2019-09-30 00:00:00',0,'cid371'),('ecgid251','2019-10-01 00:00:00',1,'cid372'),('ecgid252','2019-10-02 00:00:00',0,'cid373'),('ecgid253','2019-10-03 00:00:00',1,'cid374'),('ecgid254','2019-10-04 00:00:00',0,'cid375'),('ecgid255','2019-10-05 00:00:00',0,'cid376'),('ecgid256','2019-10-06 00:00:00',0,'cid377'),('ecgid257','2019-10-07 00:00:00',0,'cid378'),('ecgid258','2019-10-08 00:00:00',0,'cid379'),('ecgid259','2019-10-09 00:00:00',1,'cid380'),('ecgid26','2019-02-18 00:00:00',1,'cid147'),('ecgid260','2019-10-10 00:00:00',1,'cid381'),('ecgid261','2019-10-11 00:00:00',1,'cid382'),('ecgid262','2019-10-12 00:00:00',1,'cid383'),('ecgid263','2019-10-13 00:00:00',1,'cid384'),('ecgid264','2019-10-14 00:00:00',1,'cid385'),('ecgid265','2019-10-15 00:00:00',0,'cid386'),('ecgid266','2019-10-16 00:00:00',0,'cid387'),('ecgid267','2019-10-17 00:00:00',2,'cid388'),('ecgid268','2019-10-18 00:00:00',0,'cid389'),('ecgid269','2019-10-19 00:00:00',0,'cid390'),('ecgid27','2019-02-19 00:00:00',1,'cid148'),('ecgid270','2019-10-20 00:00:00',0,'cid391'),('ecgid271','2019-10-21 00:00:00',0,'cid392'),('ecgid272','2019-10-22 00:00:00',1,'cid393'),('ecgid273','2019-10-23 00:00:00',1,'cid394'),('ecgid274','2019-10-24 00:00:00',1,'cid395'),('ecgid275','2019-10-25 00:00:00',0,'cid396'),('ecgid276','2019-10-26 00:00:00',1,'cid397'),('ecgid277','2019-10-27 00:00:00',1,'cid398'),('ecgid278','2019-10-28 00:00:00',1,'cid399'),('ecgid279','2019-10-29 00:00:00',0,'cid400'),('ecgid28','2019-02-20 00:00:00',1,'cid149'),('ecgid280','2019-10-30 00:00:00',0,'cid401'),('ecgid281','2019-10-31 00:00:00',1,'cid402'),('ecgid282','2019-11-01 00:00:00',1,'cid403'),('ecgid283','2019-11-02 00:00:00',1,'cid404'),('ecgid284','2019-11-03 00:00:00',1,'cid405'),('ecgid285','2019-11-04 00:00:00',0,'cid406'),('ecgid286','2019-11-05 00:00:00',1,'cid407'),('ecgid287','2019-11-06 00:00:00',1,'cid408'),('ecgid288','2019-11-07 00:00:00',0,'cid409'),('ecgid289','2019-11-08 00:00:00',1,'cid410'),('ecgid29','2019-02-21 00:00:00',0,'cid150'),('ecgid290','2019-11-09 00:00:00',2,'cid411'),('ecgid291','2019-11-10 00:00:00',1,'cid412'),('ecgid292','2019-11-11 00:00:00',2,'cid413'),('ecgid293','2019-11-12 00:00:00',0,'cid414'),('ecgid294','2019-11-13 00:00:00',0,'cid415'),('ecgid295','2019-11-14 00:00:00',1,'cid416'),('ecgid296','2019-11-15 00:00:00',0,'cid417'),('ecgid297','2019-11-16 00:00:00',1,'cid418'),('ecgid298','2019-11-17 00:00:00',0,'cid419'),('ecgid299','2019-11-18 00:00:00',1,'cid420'),('ecgid3','2019-01-26 00:00:00',0,'cid124'),('ecgid30','2019-02-22 00:00:00',0,'cid151'),('ecgid300','2019-11-19 00:00:00',1,'cid421'),('ecgid301','2019-11-20 00:00:00',1,'cid422'),('ecgid302','2019-11-21 00:00:00',1,'cid423'),('ecgid303','2019-11-22 00:00:00',0,'cid424'),('ecgid31','2019-02-23 00:00:00',1,'cid152'),('ecgid32','2019-02-24 00:00:00',1,'cid153'),('ecgid33','2019-02-25 00:00:00',0,'cid154'),('ecgid34','2019-02-26 00:00:00',0,'cid155'),('ecgid35','2019-02-27 00:00:00',0,'cid156'),('ecgid36','2019-02-28 00:00:00',0,'cid157'),('ecgid37','2019-03-01 00:00:00',1,'cid158'),('ecgid38','2019-03-02 00:00:00',0,'cid159'),('ecgid39','2019-03-03 00:00:00',1,'cid160'),('ecgid4','2019-01-27 00:00:00',1,'cid125'),('ecgid40','2019-03-04 00:00:00',0,'cid161'),('ecgid41','2019-03-05 00:00:00',0,'cid162'),('ecgid42','2019-03-06 00:00:00',0,'cid163'),('ecgid43','2019-03-07 00:00:00',0,'cid164'),('ecgid44','2019-03-08 00:00:00',0,'cid165'),('ecgid45','2019-03-09 00:00:00',0,'cid166'),('ecgid46','2019-03-10 00:00:00',1,'cid167'),('ecgid47','2019-03-11 00:00:00',0,'cid168'),('ecgid48','2019-03-12 00:00:00',0,'cid169'),('ecgid49','2019-03-13 00:00:00',0,'cid170'),('ecgid5','2019-01-28 00:00:00',1,'cid126'),('ecgid50','2019-03-14 00:00:00',0,'cid171'),('ecgid51','2019-03-15 00:00:00',0,'cid172'),('ecgid52','2019-03-16 00:00:00',0,'cid173'),('ecgid53','2019-03-17 00:00:00',1,'cid174'),('ecgid54','2019-03-18 00:00:00',1,'cid175'),('ecgid55','2019-03-19 00:00:00',0,'cid176'),('ecgid56','2019-03-20 00:00:00',1,'cid177'),('ecgid57','2019-03-21 00:00:00',0,'cid178'),('ecgid58','2019-03-22 00:00:00',0,'cid179'),('ecgid59','2019-03-23 00:00:00',0,'cid180'),('ecgid6','2019-01-29 00:00:00',1,'cid127'),('ecgid60','2019-03-24 00:00:00',0,'cid181'),('ecgid61','2019-03-25 00:00:00',0,'cid182'),('ecgid62','2019-03-26 00:00:00',1,'cid183'),('ecgid63','2019-03-27 00:00:00',0,'cid184'),('ecgid64','2019-03-28 00:00:00',1,'cid185'),('ecgid65','2019-03-29 00:00:00',0,'cid186'),('ecgid66','2019-03-30 00:00:00',1,'cid187'),('ecgid67','2019-03-31 00:00:00',1,'cid188'),('ecgid68','2019-04-01 00:00:00',0,'cid189'),('ecgid69','2019-04-02 00:00:00',1,'cid190'),('ecgid7','2019-01-30 00:00:00',0,'cid128'),('ecgid70','2019-04-03 00:00:00',1,'cid191'),('ecgid71','2019-04-04 00:00:00',0,'cid192'),('ecgid72','2019-04-05 00:00:00',1,'cid193'),('ecgid73','2019-04-06 00:00:00',0,'cid194'),('ecgid74','2019-04-07 00:00:00',0,'cid195'),('ecgid75','2019-04-08 00:00:00',1,'cid196'),('ecgid76','2019-04-09 00:00:00',0,'cid197'),('ecgid77','2019-04-10 00:00:00',0,'cid198'),('ecgid78','2019-04-11 00:00:00',1,'cid199'),('ecgid79','2019-04-12 00:00:00',1,'cid200'),('ecgid8','2019-01-31 00:00:00',1,'cid129'),('ecgid80','2019-04-13 00:00:00',0,'cid201'),('ecgid81','2019-04-14 00:00:00',1,'cid202'),('ecgid82','2019-04-15 00:00:00',0,'cid203'),('ecgid83','2019-04-16 00:00:00',1,'cid204'),('ecgid84','2019-04-17 00:00:00',1,'cid205'),('ecgid85','2019-04-18 00:00:00',0,'cid206'),('ecgid86','2019-04-19 00:00:00',0,'cid207'),('ecgid87','2019-04-20 00:00:00',1,'cid208'),('ecgid88','2019-04-21 00:00:00',1,'cid209'),('ecgid89','2019-04-22 00:00:00',1,'cid210'),('ecgid9','2019-02-01 00:00:00',1,'cid130'),('ecgid90','2019-04-23 00:00:00',0,'cid211'),('ecgid91','2019-04-24 00:00:00',1,'cid212'),('ecgid92','2019-04-25 00:00:00',1,'cid213'),('ecgid93','2019-04-26 00:00:00',1,'cid214'),('ecgid94','2019-04-27 00:00:00',0,'cid215'),('ecgid95','2019-04-28 00:00:00',1,'cid216'),('ecgid96','2019-04-29 00:00:00',0,'cid217'),('ecgid97','2019-04-30 00:00:00',0,'cid218'),('ecgid98','2019-05-01 00:00:00',1,'cid219'),('ecgid99','2019-05-02 00:00:00',1,'cid220');
/*!40000 ALTER TABLE `ecgreport` ENABLE KEYS */;
UNLOCK TABLES;

--
-- Table structure for table `memberinfo`
--

DROP TABLE IF EXISTS `memberinfo`;
/*!40101 SET @saved_cs_client     = @@character_set_client */;
/*!40101 SET character_set_client = utf8 */;
CREATE TABLE `memberinfo` (
  `member_id` varchar(45) NOT NULL,
  `username` varchar(45) DEFAULT NULL,
  `firstname` varchar(45) DEFAULT NULL,
  `lastname` varchar(45) DEFAULT NULL,
  `age` int(11) DEFAULT NULL,
  `gender` varchar(45) DEFAULT NULL,
  `email` varchar(45) DEFAULT NULL,
  `phonenumber` bigint(100) DEFAULT NULL,
  PRIMARY KEY (`member_id`)
) ENGINE=InnoDB DEFAULT CHARSET=latin1;
/*!40101 SET character_set_client = @saved_cs_client */;

--
-- Dumping data for table `memberinfo`
--

LOCK TABLES `memberinfo` WRITE;
/*!40000 ALTER TABLE `memberinfo` DISABLE KEYS */;
INSERT INTO `memberinfo` VALUES ('M1','ingibergur','aisha','abendroth',63,'1','poohpool@signet.com;',3493931285),('M10','insli','aabid','aberson',57,'1','burgergirl96@hotmail.com',3493931290),('M100','begen','ingimar','beets',53,'1','genevieve.goh@hotmail.com',3493931290),('M101','credo','ingimundur','beetz',42,'1','poonzheng5798@yahoo.com',3493931290),('M102','cree','ingiríður','beevers',59,'1','burgergirl96@hotmail.com',3493931290),('M103','creech','insli','beezley',63,'0','insyirah_powergals@hotmail.com',3493931290),('M104','creecy','kinslie','befort',42,'1','little_princess-angel@hotmail.com',3493931290),('M105','creed','kinslow','befus',50,'1','ifah_duff@hotmail.com',3493931290),('M106','creeden','kinsly','bega',68,'0','tweety_butt@hotmail.com',3493931290),('M107','creedon','kinsman','begay',69,'1','choco_ela@hotmail.com',3493931290),('M108','creegan','kinson','begaye',45,'0','princessdyanah@hotmail.com',3493931290),('M109','creehan','kinston','begeal',50,'0','isabelle_gal@hotmail.com',3493931290),('M11','kinslie','aabidah','abes',54,'1','insyirah_powergals@hotmail.com',3493931290),('M110','creekbaum','kinta','begeman',50,'0','choco_ela@hotmail.com',3493931290),('M111','creekmore','kintaro','begen',64,'0','tweety_butt@hotmail.com',3493931290),('M112','creekmur','kinte','credo',57,'1','emotionallady_94@hotmail.com',3493931290),('M113','creeks','kintner','cree',64,'0','genevieve.goh@hotmail.com',3493931290),('M114','creel','kintrell','creech',43,'1','poonzheng5798@yahoo.com',3493931290),('M115','creeley','kintuillang','creecy',55,'1','burgergirl96@hotmail.com',3493931290),('M116','creenan','kintz','creed',37,'0','insyirah_powergals@hotmail.com',3493931290),('M117','creer','kinue','creeden',41,'1','little_princess-angel@hotmail.com',3493931290),('M118','creese','kinuko','creedon',56,'1','ifah_duff@hotmail.com',3493931290),('M119','cregan','kinuyo','creegan',46,'0','tweety_butt@hotmail.com',3493931290),('M12','kinslow','aabidammar','abeta',48,'0','little_princess-angel@hotmail.com',3493931290),('M120','cregar','kinvara','creehan',46,'0','choco_ela@hotmail.com',3493931290),('M121','cregeen','kinverli','creekbaum',64,'0','princessdyanah@hotmail.com',3493931290),('M122','creger','kinverlin','creekmore',59,'1','ngai_nicole@hotmail.com',3493931290),('M123','cregg','kinya','creekmur',41,'0','isabelle_gal@hotmail.com',3493931290),('M124','cregger','kinyada','creeks',54,'0','michelle-878@hotmail.com',3493931290),('M125','daimarely','kinyata','creel',39,'0','valerietan98@gmail.com',3493931290),('M126','ingfrid','kinyatta','creeley',34,'0','remuskan@hotmail.com',3493931290),('M127','ingfried','kinyetta','creenan',47,'1','genevieve.goh@hotmail.com',3493931290),('M128','ingham','kinyon','creer',67,'0','poonzheng5798@yahoo.com',3493931290),('M129','inghard','kinyoun','creese',52,'0','burgergirl96@hotmail.com',3493931290),('M13','kinsly','aabir','abete',49,'1','ifah_duff@hotmail.com',3493931290),('M130','ingi','kinza','cregan',74,'0','insyirah_powergals@hotmail.com',3493931290),('M131','ingiberg','kinzah','cregar',54,'0','little_princess-angel@hotmail.com',3493931290),('M132','creenan','kinzara','cregeen',49,'0','poohpool@signet.com;',3493931290),('M133','creer','kinze','creger',42,'1','meixin_kok@hotmail.com',3493931290),('M134','creese','kinzee','cregg',41,'1','ngai_nicole@hotmail.com',3493931290),('M135','cregan','kinzer','cregger',41,'0','isabelle_gal@hotmail.com',3493931290),('M136','cregar','kinzey','creggett',49,'0','michelle-878@hotmail.com',3493931290),('M137','cregeen','kinzi','cregin',60,'0','valerietan98@gmail.com',3493931290),('M138','creger','kinzie','creglow',62,'1','remuskan@hotmail.com',3493931290),('M139','cregg','kinzington','crego',57,'1','genevieve.goh@hotmail.com',3493931290),('M14','kinsman','aabriella','abetrani',64,'1','tweety_butt@hotmail.com',3493931290),('M140','cregger','kinzlee','crehan',64,'1','poonzheng5798@yahoo.com',3493931290),('M141','creggett','kinzleigh','creighton',51,'0','burgergirl96@hotmail.com',3493931290),('M142','cregin','kinzler','creitz',43,'1','insyirah_powergals@hotmail.com',3493931290),('M143','creglow','kinzley','crelia',42,'0','little_princess-angel@hotmail.com',3493931290),('M144','crego','kinzli','crellin',67,'0','ifah_duff@hotmail.com',3493931290),('M145','crehan','kinzlie','cremar',76,'0','tweety_butt@hotmail.com',3493931290),('M146','creighton','kinzly','creme',70,'1','choco_ela@hotmail.com',3493931290),('M147','beehler','aabha','cremeans',44,'0','princessdyanah@hotmail.com',3493931290),('M148','beek','aabia','cremeens',60,'0','isabelle_gal@hotmail.com',3493931290),('M149','beeker','aabid','cremer',44,'1','choco_ela@hotmail.com',3493931290),('M15','kinson','aachal','abeyta',58,'0','choco_ela@hotmail.com',3493931290),('M150','beekman','aabidah','cremers',42,'1','tweety_butt@hotmail.com',3493931290),('M151','beeks','aabidammar','cremin',66,'1','emotionallady_94@hotmail.com',3493931290),('M152','beel','aabir','cremins',71,'0','genevieve.goh@hotmail.com',3493931290),('M153','beelar','aabriella','cremona',64,'1','poonzheng5798@yahoo.com',3493931290),('M154','abitong','aachal','cremonese',66,'0','burgergirl96@hotmail.com',3493931290),('M155','abke','aad','crenshaw',39,'0','insyirah_powergals@hotmail.com',3493931290),('M156','abkemeier','aada','crenwelge',58,'0','little_princess-angel@hotmail.com',3493931290),('M157','ablang','dailen','crepeau',47,'1','ifah_duff@hotmail.com',3493931290),('M158','ablao','dailene','crepps',35,'1','tweety_butt@hotmail.com',3493931290),('M159','ableman','daileny','creps',58,'1','choco_ela@hotmail.com',3493931290),('M16','kinston','aad','abhaki',50,'0','princessdyanah@hotmail.com',3493931290),('M160','beeck','dailey','creque',56,'1','princessdyanah@hotmail.com',3493931290),('M161','beecken','dailin','crescenti',56,'1','ngai_nicole@hotmail.com',3493931290),('M162','beeckman','dailing','crescenzo',55,'0','isabelle_gal@hotmail.com',3493931290),('M163','beecroft','dailley','cresci',41,'1','michelle-878@hotmail.com',3493931290),('M164','beed','dailon','creselious',38,'1','valerietan98@gmail.com',3493931290),('M165','beede','dailonis','cresencio',38,'1','remuskan@hotmail.com',3493931290),('M166','beedham','dailyn','creson',67,'1','genevieve.goh@hotmail.com',3493931290),('M167','beedle','dailynn','cresong',67,'1','poonzheng5798@yahoo.com',3493931290),('M168','beedles','dailynne','crespi',62,'0','burgergirl96@hotmail.com',3493931290),('M169','beedoo','daim','crespin',63,'1','insyirah_powergals@hotmail.com',3493931290),('M17','kinta','aada','abhay',58,'0','isabelle_gal@hotmail.com',3493931290),('M170','beedy','daiman','crespino',53,'1','little_princess-angel@hotmail.com',3493931290),('M171','beeghly','daimar','crespo',56,'1','ifah_duff@hotmail.com',3493931290),('M172','beegle','daimarely','crespo-cruz',48,'1','tweety_butt@hotmail.com',3493931290),('M173','beehler','ingfrid','crespo-morales',58,'1','choco_ela@hotmail.com',3493931290),('M174','beek','ingfried','cress',58,'1','princessdyanah@hotmail.com',3493931290),('M175','beeker','ingham','cressell',60,'1','isabelle_gal@hotmail.com',3493931290),('M176','beekman','inghard','cresser',40,'1','choco_ela@hotmail.com',3493931290),('M177','beeks','ingi','cressey',60,'1','tweety_butt@hotmail.com',3493931290),('M178','beel','ingiberg','cressman',64,'1','emotionallady_94@hotmail.com',3493931290),('M179','beelar','ingibergur','cresswell',43,'1','genevieve.goh@hotmail.com',3493931290),('M18','kintaro','dailen','abhaysingh',66,'0','choco_ela@hotmail.com',3493931290),('M180','cretella','ingibjartur','cressy',57,'1','poonzheng5798@yahoo.com',3493931290),('M181','creten','ingibjörg','cresta',55,'1','burgergirl96@hotmail.com',3493931290),('M182','cretsinger','ingibjörn','cresto',65,'0','insyirah_powergals@hotmail.com',3493931290),('M183','creuzer','ingigerður','creswell',61,'0','little_princess-angel@hotmail.com',3493931290),('M184','creveling','oepfer','crete',58,'1','poohpool@signet.com;',3493931290),('M185','aabidah','koepke','cretella',50,'1','meixin_kok@hotmail.com',3493931290),('M186','aabidammar','koeplin','creten',44,'1','ngai_nicole@hotmail.com',3493931290),('M187','aabir','koeppel','cretsinger',60,'1','isabelle_gal@hotmail.com',3493931290),('M188','aabriella','koeppelle','creuzer',54,'1','michelle-878@hotmail.com',3493931290),('M189','aachal','koerd','creveling',50,'1','ifah_duff@hotmail.com',3493931290),('M19','kinte','dailene','abhi',43,'1','tweety_butt@hotmail.com',3493931290),('M190','aad','koerick','aabidah',41,'1','tweety_butt@hotmail.com',3493931290),('M191','aada','koerlin','aabidammar',51,'0','choco_ela@hotmail.com',3493931290),('M192','dailen','koerner','aabir',58,'1','princessdyanah@hotmail.com',3493931290),('M193','dailene','koert','aabriella',54,'1','isabelle_gal@hotmail.com',3493931290),('M194','daileny','koertdine','aachal',60,'1','choco_ela@hotmail.com',3493931290),('M195','dailey','koesha','aad',60,'1','tweety_butt@hotmail.com',3493931290),('M196','dailin','koester','aada',59,'1','emotionallady_94@hotmail.com',3493931290),('M197','dailing','koeth','dailen',46,'1','genevieve.goh@hotmail.com',3493931290),('M198','dailley','koetke','dailene',67,'1','poonzheng5798@yahoo.com',3493931290),('M199','dailon','koey','daileny',62,'1','burgergirl96@hotmail.com',3493931290),('M2','ingibjartur','aishah','abentego',37,'1','meixin_kok@hotmail.com',3493931286),('M20','kintner','daileny','abhijeet',69,'0','emotionallady_94@hotmail.com',3493931290),('M200','dailonis','koezeno','dailey',65,'1','insyirah_powergals@hotmail.com',3493931290),('M201','dailyn','kofel','dailin',44,'1','little_princess-angel@hotmail.com',3493931290),('M202','dailynn','koffi','dailing',60,'1','poohpool@signet.com;',3493931290),('M203','dailynne','koffiel','dailley',58,'1','meixin_kok@hotmail.com',3493931290),('M204','daim','koffler','dailon',68,'1','ngai_nicole@hotmail.com',3493931290),('M205','daiman','koffman','dailonis',62,'0','isabelle_gal@hotmail.com',3493931290),('M206','daimar','kofi','dailyn',52,'1','michelle-878@hotmail.com',3493931290),('M207','daimarely','kofoworola','dailynn',59,'1','valerietan98@gmail.com',3493931290),('M208','naszir','kogan','dailynne',60,'0','remuskan@hotmail.com',3493931290),('M209','naszire','koh','daim',49,'1','genevieve.goh@hotmail.com',3493931290),('M21','kintrell','dailey','abhilasha',59,'1','genevieve.goh@hotmail.com',3493931290),('M210','nat','kohan','daiman',59,'1','poonzheng5798@yahoo.com',3493931290),('M211','nata','kohana','daimar',57,'1','burgergirl96@hotmail.com',3493931290),('M212','natacha','kohanski','daimarely',61,'1','insyirah_powergals@hotmail.com',3493931290),('M213','natachia','koharu','ingfrid',39,'1','little_princess-angel@hotmail.com',3493931290),('M214','natacia','kohde','ingfried',61,'0','ifah_duff@hotmail.com',3493931290),('M215','natae','kohdie','ingham',56,'1','tweety_butt@hotmail.com',3493931290),('M216','natahja','kohdyn','inghard',43,'0','choco_ela@hotmail.com',3493931290),('M217','natahlia','nastassja','ingi',62,'0','princessdyanah@hotmail.com',3493931290),('M218','natahsa','nastazia','ingiberg',63,'1','isabelle_gal@hotmail.com',3493931290),('M219','nataija','nastazja','creenan',65,'1','choco_ela@hotmail.com',3493931290),('M22','kintuillang','dailin','abhimanyu',44,'1','poonzheng5798@yahoo.com',3493931290),('M220','nataile','nasteha','creer',48,'1','tweety_butt@hotmail.com',3493931290),('M221','natailia','nasteho','creese',63,'0','emotionallady_94@hotmail.com',3493931290),('M222','nataisha','nastia','cregan',55,'1','genevieve.goh@hotmail.com',3493931290),('M223','nataiya','nastja','cregar',65,'1','poonzheng5798@yahoo.com',3493931290),('M224','kofel','nastya','cregeen',56,'0','choco_ela@hotmail.com',3493931290),('M225','koffi','nasuh','creger',54,'1','princessdyanah@hotmail.com',3493931290),('M226','koffiel','nasworthy','cregg',70,'1','ngai_nicole@hotmail.com',3493931290),('M227','koffler','nasya','cregger',62,'1','isabelle_gal@hotmail.com',3493931290),('M228','koffman','nasyah','creggett',35,'1','michelle-878@hotmail.com',3493931290),('M229','kofi','nasyamah','cregin',59,'1','valerietan98@gmail.com',3493931290),('M23','kintz','dailing','abhinandan',30,'1','burgergirl96@hotmail.com',3493931290),('M230','kofoworola','nasyr','creglow',64,'1','remuskan@hotmail.com',3493931290),('M231','kogan','naszier','crego',47,'1','genevieve.goh@hotmail.com',3493931290),('M232','koh','naszir','crehan',57,'1','poonzheng5798@yahoo.com',3493931290),('M233','kohan','naszire','creighton',55,'1','burgergirl96@hotmail.com',3493931290),('M234','kohana','nat','beehler',64,'1','insyirah_powergals@hotmail.com',3493931290),('M235','kohanski','nata','beek',70,'1','little_princess-angel@hotmail.com',3493931290),('M236','koharu','natacha','beeker',51,'1','ifah_duff@hotmail.com',3493931290),('M237','beeks','natachia','beekman',58,'1','tweety_butt@hotmail.com',3493931290),('M238','beel','natacia','beeks',60,'1','choco_ela@hotmail.com',3493931290),('M239','beelar','natae','beel',77,'1','princessdyanah@hotmail.com',3493931290),('M24','kinue','dailley','abhinav',61,'1','insyirah_powergals@hotmail.com',3493931290),('M240','beelby','natahja','beelar',35,'1','isabelle_gal@hotmail.com',3493931290),('M241','beeler','natahlia','beelby',70,'1','burgergirl96@hotmail.com',3493931290),('M242','beem','natahsa','beeler',59,'0','insyirah_powergals@hotmail.com',3493931290),('M243','beeman','nataija','beem',64,'1','little_princess-angel@hotmail.com',3493931290),('M244','beemer','nataile','beeman',57,'1','ifah_duff@hotmail.com',3493931290),('M245','beemon','natailia','beemer',56,'1','tweety_butt@hotmail.com',3493931290),('M246','beena','nataisha','beemon',48,'1','choco_ela@hotmail.com',3493931290),('M247','beene','nataiya','beena',56,'0','princessdyanah@hotmail.com',3493931290),('M248','beenel','kofel','beene',66,'1','ngai_nicole@hotmail.com',3493931290),('M249','beenu','koffi','beenel',54,'1','isabelle_gal@hotmail.com',3493931290),('M25','kinuko','dailon','abhinay',40,'1','little_princess-angel@hotmail.com',3493931290),('M250','beera','koffiel','beenu',69,'1','michelle-878@hotmail.com',3493931290),('M251','dailyn','koffler','beera',51,'1','valerietan98@gmail.com',3493931290),('M252','dailynn','koffman','beeram',43,'1','remuskan@hotmail.com',3493931290),('M253','dailynne','kofi','beerbohm',62,'0','genevieve.goh@hotmail.com',3493931290),('M254','daim','kofoworola','beere',67,'1','poonzheng5798@yahoo.com',3493931290),('M255','daiman','kogan','beerer',59,'1','burgergirl96@hotmail.com',3493931290),('M256','daimar','koh','beerle',45,'1','insyirah_powergals@hotmail.com',3493931290),('M257','daimarely','kohan','beerling',58,'1','little_princess-angel@hotmail.com',3493931290),('M258','ingfrid','kohana','daileny',50,'1','ifah_duff@hotmail.com',3493931290),('M259','ingfried','kohanski','dailey',62,'0','tweety_butt@hotmail.com',3493931290),('M26','kinuyo','dailonis','abhisek',71,'0','ifah_duff@hotmail.com',3493931290),('M260','ingham','koharu','dailin',38,'1','choco_ela@hotmail.com',3493931290),('M261','inghard','kohde','dailing',66,'0','princessdyanah@hotmail.com',3493931290),('M262','ingi','kohdie','dailley',52,'1','isabelle_gal@hotmail.com',3493931290),('M263','ingiberg','kohdyn','dailon',53,'1','choco_ela@hotmail.com',3493931290),('M264','ingibergur','nastassja','dailonis',63,'0','tweety_butt@hotmail.com',3493931290),('M265','ingibjartur','nastazia','dailyn',54,'1','emotionallady_94@hotmail.com',3493931290),('M266','ingibjörg','nastazja','dailynn',66,'1','genevieve.goh@hotmail.com',3493931290),('M267','ingibjörn','nasteha','dailynne',55,'0','poonzheng5798@yahoo.com',3493931290),('M268','ingigerður','nasteho','daim',49,'1','burgergirl96@hotmail.com',3493931290),('M269','koester','nastia','daiman',54,'1','insyirah_powergals@hotmail.com',3493931290),('M27','kinvara','dailyn','abhisekh',59,'1','tweety_butt@hotmail.com',3493931290),('M270','koeth','natyra','daimar',56,'1','little_princess-angel@hotmail.com',3493931290),('M271','koffi','natália','daimarely',46,'1','poohpool@signet.com;',3493931290),('M272','koffiel','natálie','ingfrid',61,'1','meixin_kok@hotmail.com',3493931290),('M273','koffler','natálio','ingfried',67,'1','ngai_nicole@hotmail.com',3493931290),('M274','koffman','natércia','ingham',58,'1','isabelle_gal@hotmail.com',3493931290),('M275','kofi','natércio','inghard',47,'1','michelle-878@hotmail.com',3493931290),('M276','kofoworola','natalija','ingi',52,'1','poonzheng5798@yahoo.com',3493931290),('M277','kogan','nau','ingiberg',58,'1','burgergirl96@hotmail.com',3493931290),('M278','koh','naudia','ingibergur',57,'1','insyirah_powergals@hotmail.com',3493931290),('M279','kohan','naudica','ingibjartur',58,'0','little_princess-angel@hotmail.com',3493931290),('M28','kinverli','dailynn','abhishak',51,'1','choco_ela@hotmail.com',3493931290),('M280','kohana','naudiya','ingibjörg',61,'1','ifah_duff@hotmail.com',3493931290),('M281','kohanski','naudya','ingibjörn',42,'1','tweety_butt@hotmail.com',3493931290),('M282','koharu','naughton','ingigerður',52,'1','choco_ela@hotmail.com',3493931290),('M283','kohde','naugler','koester',59,'1','princessdyanah@hotmail.com',3493931290),('M284','kohdie','naul','koeth',40,'1','isabelle_gal@hotmail.com',3493931290),('M285','kohdyn','naulakh','koetke',61,'1','choco_ela@hotmail.com',3493931290),('M286','nastassja','naulesh','koey',46,'1','tweety_butt@hotmail.com',3493931290),('M287','nastazia','naum','koezeno',59,'1','emotionallady_94@hotmail.com',3493931290),('M288','kogan','naumaan','kofel',57,'1','genevieve.goh@hotmail.com',3493931290),('M289','koh','nauman','koffi',57,'1','poonzheng5798@yahoo.com',3493931290),('M29','kinverlin','dailynne','abhishek',65,'0','princessdyanah@hotmail.com',3493931290),('M290','kohan','naun','koffiel',55,'0','burgergirl96@hotmail.com',3493931290),('M291','kohana','naura','koffler',61,'1','insyirah_powergals@hotmail.com',3493931290),('M292','kohanski','naureen','koffman',58,'1','little_princess-angel@hotmail.com',3493931290),('M293','koharu','tita','kofi',58,'0','ifah_duff@hotmail.com',3493931290),('M294','kohde','titan','kofoworola',67,'1','tweety_butt@hotmail.com',3493931290),('M295','kohdie','titana','kogan',44,'1','choco_ela@hotmail.com',3493931290),('M296','kohdyn','titania','koh',63,'1','princessdyanah@hotmail.com',3493931290),('M297','nastassja','titanna','kohan',63,'0','isabelle_gal@hotmail.com',3493931290),('M298','nastazia','titas','kohana',59,'1','choco_ela@hotmail.com',3493931290),('M299','nastazja','titeanna','kohanski',57,'0','tweety_butt@hotmail.com',3493931290),('M3','ingibjörg','ajay','aber',41,'0','ngai_nicole@hotmail.com',3493931287),('M30','kinya','daim','abhishekh',53,'1','ngai_nicole@hotmail.com',3493931290),('M300','nasteha','titel','koharu',45,'1','emotionallady_94@hotmail.com',3493931290),('M301','nasteho','tithi','dailing',68,'1','genevieve.goh@hotmail.com',3493931290),('M302','nastia','titi','dailley',57,'1','poonzheng5798@yahoo.com',3493931290),('M303','nastja','titia','dailon',57,'0','choco_ela@hotmail.com',3493931290),('M31','kinyada','daiman','abid',41,'0','isabelle_gal@hotmail.com',3493931290),('M32','kinyata','daimar','abida',65,'1','michelle-878@hotmail.com',3493931290),('M33','kinyatta','daimarely','abide',44,'1','valerietan98@gmail.com',3493931290),('M34','kinyetta','daimarion','abidin',54,'1','remuskan@hotmail.com',3493931290),('M35','kinyon','daimen','abigantus',51,'1','genevieve.goh@hotmail.com',3493931290),('M36','kinyoun','daimeon','abila',46,'0','poonzheng5798@yahoo.com',3493931290),('M37','kinza','daimian','abilay',54,'0','burgergirl96@hotmail.com',3493931290),('M38','kinzah','daimien','abild',54,'1','insyirah_powergals@hotmail.com',3493931290),('M39','kinzara','daimion','abilez',65,'0','little_princess-angel@hotmail.com',3493931290),('M4','ingibjörn','a\'isha','abercombie',56,'1','isabelle_gal@hotmail.com',3493931288),('M40','kinze','daimon','abina',65,'0','ifah_duff@hotmail.com',3493931290),('M41','kinzee','daimond','abington',51,'0','tweety_butt@hotmail.com',3493931290),('M42','kinzer','daimyan','abitante',48,'1','choco_ela@hotmail.com',3493931290),('M43','kinzey','dain','abitong',45,'1','princessdyanah@hotmail.com',3493931290),('M44','kinzi','daina','abke',53,'0','isabelle_gal@hotmail.com',3493931290),('M45','kinzie','dainah','abkemeier',39,'1','choco_ela@hotmail.com',3493931290),('M46','befort','dainan','ablang',52,'1','tweety_butt@hotmail.com',3493931290),('M47','befus','dainara','ablao',44,'1','emotionallady_94@hotmail.com',3493931290),('M48','bega','daine','ableman',47,'1','genevieve.goh@hotmail.com',3493931290),('M49','begay','dainel','beeck',53,'0','poonzheng5798@yahoo.com',3493931290),('M5','ingigerur','aashah','abercrombie',57,'0','michelle-878@hotmail.com',3493931289),('M50','begaye','dainelle','beecken',53,'0','burgergirl96@hotmail.com',3493931290),('M51','begeal','dainen','beeckman',51,'0','insyirah_powergals@hotmail.com',3493931290),('M52','begeman','dainera','beecroft',66,'1','little_princess-angel@hotmail.com',3493931290),('M53','begen','daines','beed',62,'1','poohpool@signet.com;',3493931290),('M54','credo','dainette','beede',44,'0','meixin_kok@hotmail.com',3493931290),('M55','cree','dainian','beedham',63,'0','ngai_nicole@hotmail.com',3493931290),('M56','creech','dainis','beedle',52,'1','isabelle_gal@hotmail.com',3493931290),('M57','creecy','dainius','beedles',48,'1','michelle-878@hotmail.com',3493931290),('M58','creed','dainna','beedoo',45,'1','valerietan98@gmail.com',3493931290),('M59','creeden','dainon','beedy',34,'1','remuskan@hotmail.com',3493931290),('M6','ingileif','aaban','aberle',57,'1','valerietan98@gmail.com',3493931290),('M60','creedon','ingeborga','beeghly',57,'0','genevieve.goh@hotmail.com',3493931290),('M61','creegan','ingebritt','beegle',71,'0','poonzheng5798@yahoo.com',3493931290),('M62','creehan','ingeburg','beehler',54,'1','burgergirl96@hotmail.com',3493931290),('M63','creekbaum','ingedore','beek',52,'1','insyirah_powergals@hotmail.com',3493931290),('M64','creekmore','ingegerd','beeker',41,'1','little_princess-angel@hotmail.com',3493931290),('M65','creekmur','ingegärd','beekman',58,'1','ifah_duff@hotmail.com',3493931290),('M66','creeks','ingela','beeks',35,'0','tweety_butt@hotmail.com',3493931290),('M67','creel','ingelbert','beel',51,'1','choco_ela@hotmail.com',3493931290),('M68','creeley','ingelene','beelar',45,'0','princessdyanah@hotmail.com',3493931290),('M69','creenan','ingelies','beelby',44,'1','isabelle_gal@hotmail.com',3493931290),('M7','ingimar','aabas','abernatha',56,'0','remuskan@hotmail.com',3493931290),('M70','creer','ingelinde','beeler',62,'0','choco_ela@hotmail.com',3493931290),('M71','creese','ingeline','beem',54,'1','tweety_butt@hotmail.com',3493931290),('M72','cregan','ingelise','beeman',51,'1','emotionallady_94@hotmail.com',3493931290),('M73','ingemarie','ingelore','beemer',29,'1','genevieve.goh@hotmail.com',3493931290),('M74','ingenito','ingelotte','beemon',51,'1','poonzheng5798@yahoo.com',3493931290),('M75','inger','ingelta','beena',43,'0','choco_ela@hotmail.com',3493931290),('M76','ingerid','ingemar','beene',55,'0','princessdyanah@hotmail.com',3493931290),('M77','ingerlise','ingemarie','beenel',51,'1','ngai_nicole@hotmail.com',3493931290),('M78','ingerose','ingenito','beenu',59,'1','isabelle_gal@hotmail.com',3493931290),('M79','ingersoll','inger','beera',52,'1','michelle-878@hotmail.com',3493931290),('M8','ingimundur','aabha','abernathy',44,'1','genevieve.goh@hotmail.com',3493931290),('M80','ingeruth','ingerid','beeram',58,'1','valerietan98@gmail.com',3493931290),('M81','ingetraud','ingerlise','beerbohm',41,'1','remuskan@hotmail.com',3493931290),('M82','ingetraut','ingerose','beere',45,'1','genevieve.goh@hotmail.com',3493931290),('M83','ingetrud','ingersoll','beerer',60,'0','poonzheng5798@yahoo.com',3493931290),('M84','ingfrid','ingeruth','beerle',52,'1','burgergirl96@hotmail.com',3493931290),('M85','ingfried','ingetraud','beerling',42,'0','insyirah_powergals@hotmail.com',3493931290),('M86','ingham','ingetraut','beerly',67,'0','little_princess-angel@hotmail.com',3493931290),('M87','inghard','ingetrud','beerman',68,'1','ifah_duff@hotmail.com',3493931290),('M88','ingi','ingfrid','beermann',46,'1','tweety_butt@hotmail.com',3493931290),('M89','ingiberg','ingfried','beermudez',54,'0','choco_ela@hotmail.com',3493931290),('M9','ingiríur','aabia','abernethy',52,'1','poonzheng5798@yahoo.com',3493931290),('M90','ingibergur','ingham','beers',58,'0','princessdyanah@hotmail.com',3493931290),('M91','ingibjartur','inghard','beeru',48,'1','isabelle_gal@hotmail.com',3493931290),('M92','ingibjörg','ingi','beery',57,'1','choco_ela@hotmail.com',3493931290),('M93','ingibjörn','ingiberg','bees',52,'1','tweety_butt@hotmail.com',3493931290),('M94','ingigerður','ingibergur','beese',54,'0','emotionallady_94@hotmail.com',3493931290),('M95','ingileif','ingibjartur','beesley',45,'0','genevieve.goh@hotmail.com',3493931290),('M96','ingimar','ingibjörg','beesmer',53,'1','poonzheng5798@yahoo.com',3493931290),('M97','ingimundur','ingibjörn','beeson',62,'0','burgergirl96@hotmail.com',3493931290),('M98','ingiríður','ingigerður','beeti',52,'1','valerietan98@gmail.com',3493931290),('M99','begeman','ingileif','beetley',43,'1','remuskan@hotmail.com',3493931290);
/*!40000 ALTER TABLE `memberinfo` ENABLE KEYS */;
UNLOCK TABLES;

--
-- Table structure for table `symptom`
--

DROP TABLE IF EXISTS `symptom`;
/*!40101 SET @saved_cs_client     = @@character_set_client */;
/*!40101 SET character_set_client = utf8 */;
CREATE TABLE `symptom` (
  `symptom_id` varchar(45) NOT NULL,
  `date` datetime DEFAULT NULL,
  `exang` int(11) DEFAULT NULL,
  `oldpeak` float DEFAULT NULL,
  `cp` int(11) DEFAULT NULL,
  `cardiodiagnosis_cardio_id` varchar(45) NOT NULL,
  PRIMARY KEY (`symptom_id`,`cardiodiagnosis_cardio_id`),
  KEY `fk_symptom_cardiodiagnosis1_idx` (`cardiodiagnosis_cardio_id`),
  CONSTRAINT `fk_symptom_cardiodiagnosis1` FOREIGN KEY (`cardiodiagnosis_cardio_id`) REFERENCES `cardiodiagnosis` (`cardio_id`) ON DELETE NO ACTION ON UPDATE NO ACTION
) ENGINE=InnoDB DEFAULT CHARSET=latin1;
/*!40101 SET character_set_client = @saved_cs_client */;

--
-- Dumping data for table `symptom`
--

LOCK TABLES `symptom` WRITE;
/*!40000 ALTER TABLE `symptom` DISABLE KEYS */;
INSERT INTO `symptom` VALUES ('symid1','2019-01-24 00:00:00',0,2.3,3,'cid122'),('symid10','2019-02-02 00:00:00',0,1.6,2,'cid131'),('symid100','2019-05-03 00:00:00',0,0,2,'cid221'),('symid101','2019-05-04 00:00:00',0,0.8,3,'cid222'),('symid102','2019-05-05 00:00:00',0,4.2,3,'cid223'),('symid103','2019-05-06 00:00:00',0,0,1,'cid224'),('symid104','2019-05-07 00:00:00',0,0.8,2,'cid225'),('symid105','2019-05-08 00:00:00',0,0,2,'cid226'),('symid106','2019-05-09 00:00:00',0,1.5,2,'cid227'),('symid107','2019-05-10 00:00:00',0,0.1,3,'cid228'),('symid108','2019-05-11 00:00:00',1,0.2,0,'cid229'),('symid109','2019-05-12 00:00:00',0,1.1,1,'cid230'),('symid11','2019-02-03 00:00:00',0,1.2,0,'cid132'),('symid110','2019-05-13 00:00:00',0,0,0,'cid231'),('symid111','2019-05-14 00:00:00',1,0,0,'cid232'),('symid112','2019-05-15 00:00:00',0,0.2,2,'cid233'),('symid113','2019-05-16 00:00:00',0,0.2,2,'cid234'),('symid114','2019-05-17 00:00:00',0,0,0,'cid235'),('symid115','2019-05-18 00:00:00',0,0,1,'cid236'),('symid116','2019-05-19 00:00:00',0,0,2,'cid237'),('symid117','2019-05-20 00:00:00',0,2,2,'cid238'),('symid118','2019-05-21 00:00:00',0,1.9,3,'cid239'),('symid119','2019-05-22 00:00:00',0,0,1,'cid240'),('symid12','2019-02-04 00:00:00',0,0.2,2,'cid133'),('symid120','2019-05-23 00:00:00',1,0,0,'cid241'),('symid121','2019-05-24 00:00:00',0,2,0,'cid242'),('symid122','2019-05-25 00:00:00',0,0,0,'cid243'),('symid123','2019-05-26 00:00:00',1,0,2,'cid244'),('symid124','2019-05-27 00:00:00',0,0,2,'cid245'),('symid125','2019-05-28 00:00:00',0,0,2,'cid246'),('symid126','2019-05-29 00:00:00',0,0.7,1,'cid247'),('symid127','2019-05-30 00:00:00',0,0.1,0,'cid248'),('symid128','2019-05-31 00:00:00',0,0,2,'cid249'),('symid129','2019-06-01 00:00:00',0,0.1,2,'cid250'),('symid13','2019-02-05 00:00:00',0,0.6,1,'cid134'),('symid130','2019-06-02 00:00:00',1,0.2,1,'cid251'),('symid131','2019-06-03 00:00:00',0,0,2,'cid252'),('symid132','2019-06-04 00:00:00',0,0,1,'cid253'),('symid133','2019-06-05 00:00:00',0,0,1,'cid254'),('symid134','2019-06-06 00:00:00',0,0,1,'cid255'),('symid135','2019-06-07 00:00:00',0,0,1,'cid256'),('symid136','2019-06-08 00:00:00',0,0,0,'cid257'),('symid137','2019-06-09 00:00:00',0,0,2,'cid258'),('symid138','2019-06-10 00:00:00',0,0,1,'cid259'),('symid139','2019-06-11 00:00:00',1,1.5,0,'cid260'),('symid14','2019-02-06 00:00:00',1,1.8,3,'cid135'),('symid140','2019-06-12 00:00:00',1,0.2,0,'cid261'),('symid141','2019-06-13 00:00:00',0,0.6,2,'cid262'),('symid142','2019-06-14 00:00:00',0,1.2,0,'cid263'),('symid143','2019-06-15 00:00:00',0,0,2,'cid264'),('symid144','2019-06-16 00:00:00',0,0.3,0,'cid265'),('symid145','2019-06-17 00:00:00',0,1.1,2,'cid266'),('symid146','2019-06-18 00:00:00',0,0,1,'cid267'),('symid147','2019-06-19 00:00:00',0,0.3,2,'cid268'),('symid148','2019-06-20 00:00:00',0,0.9,3,'cid269'),('symid149','2019-06-21 00:00:00',0,0,2,'cid270'),('symid15','2019-02-07 00:00:00',0,1,3,'cid136'),('symid150','2019-06-22 00:00:00',0,0,2,'cid271'),('symid151','2019-06-23 00:00:00',0,2.3,0,'cid272'),('symid152','2019-06-24 00:00:00',0,1.6,0,'cid273'),('symid153','2019-06-25 00:00:00',0,0.6,3,'cid274'),('symid154','2019-06-26 00:00:00',0,0,2,'cid275'),('symid155','2019-06-27 00:00:00',0,0,2,'cid276'),('symid156','2019-06-28 00:00:00',0,0.6,0,'cid277'),('symid157','2019-06-29 00:00:00',0,0,2,'cid278'),('symid158','2019-06-30 00:00:00',0,0,1,'cid279'),('symid159','2019-07-01 00:00:00',0,0.4,1,'cid280'),('symid16','2019-02-08 00:00:00',0,1.6,2,'cid137'),('symid160','2019-07-02 00:00:00',0,0,1,'cid281'),('symid161','2019-07-03 00:00:00',0,0,1,'cid282'),('symid162','2019-07-04 00:00:00',0,1.2,1,'cid283'),('symid163','2019-07-05 00:00:00',0,0,1,'cid284'),('symid164','2019-07-06 00:00:00',0,0,2,'cid285'),('symid165','2019-07-07 00:00:00',0,0,2,'cid286'),('symid166','2019-07-08 00:00:00',1,1.5,0,'cid287'),('symid167','2019-07-09 00:00:00',1,2.6,0,'cid288'),('symid168','2019-07-10 00:00:00',0,3.6,0,'cid289'),('symid169','2019-07-11 00:00:00',0,1.4,0,'cid290'),('symid17','2019-02-09 00:00:00',0,0,2,'cid138'),('symid170','2019-07-12 00:00:00',1,3.1,0,'cid291'),('symid171','2019-07-13 00:00:00',1,0.6,2,'cid292'),('symid172','2019-07-14 00:00:00',0,1,1,'cid293'),('symid173','2019-07-15 00:00:00',0,1.8,1,'cid294'),('symid174','2019-07-16 00:00:00',0,3.2,2,'cid295'),('symid175','2019-07-17 00:00:00',1,2.4,0,'cid296'),('symid176','2019-07-18 00:00:00',1,2,0,'cid297'),('symid177','2019-07-19 00:00:00',1,1.4,0,'cid298'),('symid178','2019-07-20 00:00:00',0,0,2,'cid299'),('symid179','2019-07-21 00:00:00',1,2.5,0,'cid300'),('symid18','2019-02-10 00:00:00',0,2.6,3,'cid139'),('symid180','2019-07-22 00:00:00',1,0.6,0,'cid301'),('symid181','2019-07-23 00:00:00',1,1.2,0,'cid302'),('symid182','2019-07-24 00:00:00',0,1,0,'cid303'),('symid183','2019-07-25 00:00:00',0,0,0,'cid304'),('symid184','2019-07-26 00:00:00',0,2.5,2,'cid305'),('symid185','2019-07-27 00:00:00',0,2.6,0,'cid306'),('symid186','2019-07-28 00:00:00',0,0,0,'cid307'),('symid187','2019-07-29 00:00:00',1,1.4,0,'cid308'),('symid188','2019-07-30 00:00:00',1,2.2,0,'cid309'),('symid189','2019-07-31 00:00:00',0,0.6,2,'cid310'),('symid19','2019-02-11 00:00:00',0,1.5,0,'cid140'),('symid190','2019-08-01 00:00:00',0,0,0,'cid311'),('symid191','2019-08-02 00:00:00',1,1.2,0,'cid312'),('symid192','2019-08-03 00:00:00',1,2.2,0,'cid313'),('symid193','2019-08-04 00:00:00',0,1.4,0,'cid314'),('symid194','2019-08-05 00:00:00',1,2.8,0,'cid315'),('symid195','2019-08-06 00:00:00',0,3,2,'cid316'),('symid196','2019-08-07 00:00:00',1,3.4,0,'cid317'),('symid197','2019-08-08 00:00:00',0,3.6,2,'cid318'),('symid198','2019-08-09 00:00:00',0,0.2,0,'cid319'),('symid199','2019-08-10 00:00:00',1,1.8,0,'cid320'),('symid2','2019-01-25 00:00:00',0,3.5,2,'cid123'),('symid20','2019-02-12 00:00:00',0,1.8,3,'cid141'),('symid200','2019-08-11 00:00:00',0,0.6,0,'cid321'),('symid201','2019-08-12 00:00:00',0,0,0,'cid322'),('symid202','2019-08-13 00:00:00',1,2.8,0,'cid323'),('symid203','2019-08-14 00:00:00',1,0.8,0,'cid324'),('symid204','2019-08-15 00:00:00',1,1.6,2,'cid325'),('symid205','2019-08-16 00:00:00',0,6.2,0,'cid326'),('symid206','2019-08-17 00:00:00',1,0,0,'cid327'),('symid207','2019-08-18 00:00:00',1,1.2,0,'cid328'),('symid208','2019-08-19 00:00:00',0,2.6,0,'cid329'),('symid209','2019-08-20 00:00:00',0,2,2,'cid330'),('symid21','2019-02-13 00:00:00',0,0.5,0,'cid142'),('symid210','2019-08-21 00:00:00',1,0,0,'cid331'),('symid211','2019-08-22 00:00:00',0,0.4,2,'cid332'),('symid212','2019-08-23 00:00:00',1,3.6,0,'cid333'),('symid213','2019-08-24 00:00:00',0,1.2,0,'cid334'),('symid214','2019-08-25 00:00:00',1,1,0,'cid335'),('symid215','2019-08-26 00:00:00',1,1.2,0,'cid336'),('symid216','2019-08-27 00:00:00',1,3,0,'cid337'),('symid217','2019-08-28 00:00:00',0,1.2,2,'cid338'),('symid218','2019-08-29 00:00:00',1,1.8,0,'cid339'),('symid219','2019-08-30 00:00:00',0,2.8,0,'cid340'),('symid22','2019-02-14 00:00:00',1,0.4,2,'cid143'),('symid220','2019-08-31 00:00:00',1,0,0,'cid341'),('symid221','2019-09-01 00:00:00',0,4,0,'cid342'),('symid222','2019-09-02 00:00:00',1,5.6,0,'cid343'),('symid223','2019-09-03 00:00:00',0,1.4,3,'cid344'),('symid224','2019-09-04 00:00:00',1,4,0,'cid345'),('symid225','2019-09-05 00:00:00',1,2.8,0,'cid346'),('symid226','2019-09-06 00:00:00',1,2.6,0,'cid347'),('symid227','2019-09-07 00:00:00',0,1.4,1,'cid348'),('symid228','2019-09-08 00:00:00',1,1.6,0,'cid349'),('symid229','2019-09-09 00:00:00',0,0.2,3,'cid350'),('symid23','2019-02-15 00:00:00',0,0,0,'cid144'),('symid230','2019-09-10 00:00:00',1,1.8,2,'cid351'),('symid231','2019-09-11 00:00:00',0,0,2,'cid352'),('symid232','2019-09-12 00:00:00',0,1,0,'cid353'),('symid233','2019-09-13 00:00:00',1,0.8,0,'cid354'),('symid234','2019-09-14 00:00:00',1,2.2,0,'cid355'),('symid235','2019-09-15 00:00:00',0,2.4,0,'cid356'),('symid236','2019-09-16 00:00:00',1,1.6,0,'cid357'),('symid237','2019-09-17 00:00:00',0,0,0,'cid358'),('symid238','2019-09-18 00:00:00',0,1.2,0,'cid359'),('symid239','2019-09-19 00:00:00',1,0,0,'cid360'),('symid24','2019-02-16 00:00:00',1,1,2,'cid145'),('symid240','2019-09-20 00:00:00',1,0,0,'cid361'),('symid241','2019-09-21 00:00:00',1,2.9,2,'cid362'),('symid242','2019-09-22 00:00:00',1,0,0,'cid363'),('symid243','2019-09-23 00:00:00',0,2,0,'cid364'),('symid244','2019-09-24 00:00:00',1,1.2,0,'cid365'),('symid245','2019-09-25 00:00:00',1,2.1,0,'cid366'),('symid246','2019-09-26 00:00:00',0,0.5,0,'cid367'),('symid247','2019-09-27 00:00:00',1,1.9,0,'cid368'),('symid248','2019-09-28 00:00:00',1,0,1,'cid369'),('symid249','2019-09-29 00:00:00',0,0,1,'cid370'),('symid25','2019-02-17 00:00:00',1,1.4,3,'cid146'),('symid250','2019-09-30 00:00:00',0,2,2,'cid371'),('symid251','2019-10-01 00:00:00',1,4.2,0,'cid372'),('symid252','2019-10-02 00:00:00',1,0.1,0,'cid373'),('symid253','2019-10-03 00:00:00',0,1.9,0,'cid374'),('symid254','2019-10-04 00:00:00',1,0.9,0,'cid375'),('symid255','2019-10-05 00:00:00',0,0,3,'cid376'),('symid256','2019-10-06 00:00:00',1,0,0,'cid377'),('symid257','2019-10-07 00:00:00',1,3,0,'cid378'),('symid258','2019-10-08 00:00:00',1,0.9,0,'cid379'),('symid259','2019-10-09 00:00:00',1,1.4,0,'cid380'),('symid26','2019-02-18 00:00:00',0,0.4,1,'cid147'),('symid260','2019-10-10 00:00:00',1,3.8,3,'cid381'),('symid261','2019-10-11 00:00:00',1,1,0,'cid382'),('symid262','2019-10-12 00:00:00',0,0,0,'cid383'),('symid263','2019-10-13 00:00:00',1,2,0,'cid384'),('symid264','2019-10-14 00:00:00',1,1.8,0,'cid385'),('symid265','2019-10-15 00:00:00',1,0,0,'cid386'),('symid266','2019-10-16 00:00:00',1,0.1,0,'cid387'),('symid267','2019-10-17 00:00:00',1,3.4,0,'cid388'),('symid268','2019-10-18 00:00:00',0,0.8,2,'cid389'),('symid269','2019-10-19 00:00:00',1,3.2,0,'cid390'),('symid27','2019-02-19 00:00:00',0,1.6,2,'cid148'),('symid270','2019-10-20 00:00:00',1,1.6,0,'cid391'),('symid271','2019-10-21 00:00:00',0,0.8,0,'cid392'),('symid272','2019-10-22 00:00:00',0,2.6,3,'cid393'),('symid273','2019-10-23 00:00:00',0,1,0,'cid394'),('symid274','2019-10-24 00:00:00',0,0.1,0,'cid395'),('symid275','2019-10-25 00:00:00',1,1,0,'cid396'),('symid276','2019-10-26 00:00:00',0,1,0,'cid397'),('symid277','2019-10-27 00:00:00',0,2,0,'cid398'),('symid278','2019-10-28 00:00:00',0,0.3,1,'cid399'),('symid279','2019-10-29 00:00:00',0,0,1,'cid400'),('symid28','2019-02-20 00:00:00',0,0.6,2,'cid149'),('symid280','2019-10-30 00:00:00',1,3.6,0,'cid401'),('symid281','2019-10-31 00:00:00',1,1.8,0,'cid402'),('symid282','2019-11-01 00:00:00',1,1,0,'cid403'),('symid283','2019-11-02 00:00:00',0,2.2,2,'cid404'),('symid284','2019-11-03 00:00:00',0,0,0,'cid405'),('symid285','2019-11-04 00:00:00',1,1.9,0,'cid406'),('symid286','2019-11-05 00:00:00',1,1.8,0,'cid407'),('symid287','2019-11-06 00:00:00',0,0.8,3,'cid408'),('symid288','2019-11-07 00:00:00',0,0,1,'cid409'),('symid289','2019-11-08 00:00:00',1,3,0,'cid410'),('symid29','2019-02-21 00:00:00',0,0.8,2,'cid150'),('symid290','2019-11-09 00:00:00',1,2,0,'cid411'),('symid291','2019-11-10 00:00:00',0,0,0,'cid412'),('symid292','2019-11-11 00:00:00',0,4.4,0,'cid413'),('symid293','2019-11-12 00:00:00',1,2.8,0,'cid414'),('symid294','2019-11-13 00:00:00',0,0.8,2,'cid415'),('symid295','2019-11-14 00:00:00',1,2.8,0,'cid416'),('symid296','2019-11-15 00:00:00',1,4,0,'cid417'),('symid297','2019-11-16 00:00:00',1,0,0,'cid418'),('symid298','2019-11-17 00:00:00',0,1,0,'cid419'),('symid299','2019-11-18 00:00:00',1,0.2,0,'cid420'),('symid3','2019-01-26 00:00:00',0,1.4,1,'cid124'),('symid30','2019-02-22 00:00:00',0,1.2,2,'cid151'),('symid300','2019-11-19 00:00:00',0,1.2,3,'cid421'),('symid301','2019-11-20 00:00:00',0,3.4,0,'cid422'),('symid302','2019-11-21 00:00:00',1,1.2,0,'cid423'),('symid303','2019-11-22 00:00:00',0,0,1,'cid424'),('symid31','2019-02-23 00:00:00',0,0,1,'cid152'),('symid32','2019-02-24 00:00:00',0,0.4,0,'cid153'),('symid33','2019-02-25 00:00:00',0,0,1,'cid154'),('symid34','2019-02-26 00:00:00',0,0.5,2,'cid155'),('symid35','2019-02-27 00:00:00',1,1.4,3,'cid156'),('symid36','2019-02-28 00:00:00',1,1.4,2,'cid157'),('symid37','2019-03-01 00:00:00',0,0,2,'cid158'),('symid38','2019-03-02 00:00:00',0,1.6,2,'cid159'),('symid39','2019-03-03 00:00:00',0,0.8,2,'cid160'),('symid4','2019-01-27 00:00:00',0,0.8,1,'cid125'),('symid40','2019-03-04 00:00:00',0,0.8,2,'cid161'),('symid41','2019-03-05 00:00:00',0,1.5,2,'cid162'),('symid42','2019-03-06 00:00:00',0,0.2,1,'cid163'),('symid43','2019-03-07 00:00:00',1,3,0,'cid164'),('symid44','2019-03-08 00:00:00',0,0.4,0,'cid165'),('symid45','2019-03-09 00:00:00',0,0,2,'cid166'),('symid46','2019-03-10 00:00:00',0,0.2,1,'cid167'),('symid47','2019-03-11 00:00:00',0,0,2,'cid168'),('symid48','2019-03-12 00:00:00',0,0,2,'cid169'),('symid49','2019-03-13 00:00:00',0,0,2,'cid170'),('symid5','2019-01-28 00:00:00',1,0.6,0,'cid126'),('symid50','2019-03-14 00:00:00',0,0,0,'cid171'),('symid51','2019-03-15 00:00:00',0,0.5,2,'cid172'),('symid52','2019-03-16 00:00:00',0,0.4,0,'cid173'),('symid53','2019-03-17 00:00:00',0,1.8,2,'cid174'),('symid54','2019-03-18 00:00:00',0,0.6,2,'cid175'),('symid55','2019-03-19 00:00:00',0,0,2,'cid176'),('symid56','2019-03-20 00:00:00',0,0.8,1,'cid177'),('symid57','2019-03-21 00:00:00',0,0,0,'cid178'),('symid58','2019-03-22 00:00:00',0,0,0,'cid179'),('symid59','2019-03-23 00:00:00',0,0,3,'cid180'),('symid6','2019-01-29 00:00:00',0,0.4,0,'cid127'),('symid60','2019-03-24 00:00:00',0,0,0,'cid181'),('symid61','2019-03-25 00:00:00',0,0,2,'cid182'),('symid62','2019-03-26 00:00:00',0,0,1,'cid183'),('symid63','2019-03-27 00:00:00',0,0,3,'cid184'),('symid64','2019-03-28 00:00:00',0,0,1,'cid185'),('symid65','2019-03-29 00:00:00',0,0,2,'cid186'),('symid66','2019-03-30 00:00:00',0,1.4,0,'cid187'),('symid67','2019-03-31 00:00:00',1,1.2,2,'cid188'),('symid68','2019-04-01 00:00:00',0,0.6,1,'cid189'),('symid69','2019-04-02 00:00:00',0,0,1,'cid190'),('symid7','2019-01-30 00:00:00',0,1.3,1,'cid128'),('symid70','2019-04-03 00:00:00',0,0,0,'cid191'),('symid71','2019-04-04 00:00:00',0,0.4,2,'cid192'),('symid72','2019-04-05 00:00:00',1,0,2,'cid193'),('symid73','2019-04-06 00:00:00',0,0,1,'cid194'),('symid74','2019-04-07 00:00:00',1,0,0,'cid195'),('symid75','2019-04-08 00:00:00',0,0.2,2,'cid196'),('symid76','2019-04-09 00:00:00',0,1.4,1,'cid197'),('symid77','2019-04-10 00:00:00',0,2.4,2,'cid198'),('symid78','2019-04-11 00:00:00',1,0,1,'cid199'),('symid79','2019-04-12 00:00:00',0,0,1,'cid200'),('symid8','2019-01-31 00:00:00',0,0,1,'cid129'),('symid80','2019-04-13 00:00:00',1,0.6,2,'cid201'),('symid81','2019-04-14 00:00:00',0,0,2,'cid202'),('symid82','2019-04-15 00:00:00',0,0,1,'cid203'),('symid83','2019-04-16 00:00:00',0,0,2,'cid204'),('symid84','2019-04-17 00:00:00',0,1.2,3,'cid205'),('symid85','2019-04-18 00:00:00',0,0.6,0,'cid206'),('symid86','2019-04-19 00:00:00',0,1.6,2,'cid207'),('symid87','2019-04-20 00:00:00',0,1,2,'cid208'),('symid88','2019-04-21 00:00:00',0,0,1,'cid209'),('symid89','2019-04-22 00:00:00',0,1.6,2,'cid210'),('symid9','2019-02-01 00:00:00',0,0.5,2,'cid130'),('symid90','2019-04-23 00:00:00',0,1,0,'cid211'),('symid91','2019-04-24 00:00:00',0,0,2,'cid212'),('symid92','2019-04-25 00:00:00',1,0,0,'cid213'),('symid93','2019-04-26 00:00:00',0,0,2,'cid214'),('symid94','2019-04-27 00:00:00',1,0,1,'cid215'),('symid95','2019-04-28 00:00:00',0,0,1,'cid216'),('symid96','2019-04-29 00:00:00',1,0,0,'cid217'),('symid97','2019-04-30 00:00:00',0,1.2,0,'cid218'),('symid98','2019-05-01 00:00:00',0,0.1,0,'cid219'),('symid99','2019-05-02 00:00:00',0,1.9,2,'cid220');
/*!40000 ALTER TABLE `symptom` ENABLE KEYS */;
UNLOCK TABLES;

--
-- Table structure for table `wearabledevicedata`
--

DROP TABLE IF EXISTS `wearabledevicedata`;
/*!40101 SET @saved_cs_client     = @@character_set_client */;
/*!40101 SET character_set_client = utf8 */;
CREATE TABLE `wearabledevicedata` (
  `wearable_device_id` varchar(45) NOT NULL,
  `thalach` int(11) DEFAULT NULL,
  `slope` int(11) DEFAULT NULL,
  `date` datetime DEFAULT NULL,
  `cardiodiagnosis_cardio_id` varchar(45) NOT NULL,
  PRIMARY KEY (`wearable_device_id`,`cardiodiagnosis_cardio_id`),
  KEY `fk_wearabledevicedata_cardiodiagnosis1_idx` (`cardiodiagnosis_cardio_id`),
  CONSTRAINT `fk_wearabledevicedata_cardiodiagnosis1` FOREIGN KEY (`cardiodiagnosis_cardio_id`) REFERENCES `cardiodiagnosis` (`cardio_id`) ON DELETE NO ACTION ON UPDATE NO ACTION
) ENGINE=InnoDB DEFAULT CHARSET=latin1;
/*!40101 SET character_set_client = @saved_cs_client */;

--
-- Dumping data for table `wearabledevicedata`
--

LOCK TABLES `wearabledevicedata` WRITE;
/*!40000 ALTER TABLE `wearabledevicedata` DISABLE KEYS */;
INSERT INTO `wearabledevicedata` VALUES ('wd1',150,0,'2019-01-24 00:00:00','cid122'),('wd10',174,2,'2019-02-02 00:00:00','cid131'),('wd100',173,2,'2019-05-03 00:00:00','cid221'),('wd101',178,2,'2019-05-04 00:00:00','cid222'),('wd102',145,0,'2019-05-05 00:00:00','cid223'),('wd103',179,2,'2019-05-06 00:00:00','cid224'),('wd104',194,0,'2019-05-07 00:00:00','cid225'),('wd105',163,2,'2019-05-08 00:00:00','cid226'),('wd106',115,1,'2019-05-09 00:00:00','cid227'),('wd107',131,1,'2019-05-10 00:00:00','cid228'),('wd108',152,1,'2019-05-11 00:00:00','cid229'),('wd109',162,2,'2019-05-12 00:00:00','cid230'),('wd11',160,2,'2019-02-03 00:00:00','cid132'),('wd110',159,2,'2019-05-13 00:00:00','cid231'),('wd111',154,2,'2019-05-14 00:00:00','cid232'),('wd112',173,2,'2019-05-15 00:00:00','cid233'),('wd113',133,2,'2019-05-16 00:00:00','cid234'),('wd114',161,2,'2019-05-17 00:00:00','cid235'),('wd115',155,2,'2019-05-18 00:00:00','cid236'),('wd116',170,2,'2019-05-19 00:00:00','cid237'),('wd117',168,1,'2019-05-20 00:00:00','cid238'),('wd118',162,1,'2019-05-21 00:00:00','cid239'),('wd119',172,2,'2019-05-22 00:00:00','cid240'),('wd12',139,2,'2019-02-04 00:00:00','cid133'),('wd120',152,1,'2019-05-23 00:00:00','cid241'),('wd121',122,1,'2019-05-24 00:00:00','cid242'),('wd122',182,2,'2019-05-25 00:00:00','cid243'),('wd123',172,2,'2019-05-26 00:00:00','cid244'),('wd124',167,2,'2019-05-27 00:00:00','cid245'),('wd125',179,2,'2019-05-28 00:00:00','cid246'),('wd126',192,2,'2019-05-29 00:00:00','cid247'),('wd127',143,2,'2019-05-30 00:00:00','cid248'),('wd128',172,2,'2019-05-31 00:00:00','cid249'),('wd129',169,1,'2019-06-01 00:00:00','cid250'),('wd13',171,2,'2019-02-05 00:00:00','cid134'),('wd130',121,2,'2019-06-02 00:00:00','cid251'),('wd131',163,2,'2019-06-03 00:00:00','cid252'),('wd132',162,1,'2019-06-04 00:00:00','cid253'),('wd133',162,2,'2019-06-05 00:00:00','cid254'),('wd134',153,2,'2019-06-06 00:00:00','cid255'),('wd135',163,2,'2019-06-07 00:00:00','cid256'),('wd136',163,2,'2019-06-08 00:00:00','cid257'),('wd137',96,2,'2019-06-09 00:00:00','cid258'),('wd138',140,2,'2019-06-10 00:00:00','cid259'),('wd139',126,1,'2019-06-11 00:00:00','cid260'),('wd14',144,1,'2019-02-06 00:00:00','cid135'),('wd140',105,1,'2019-06-12 00:00:00','cid261'),('wd141',157,2,'2019-06-13 00:00:00','cid262'),('wd142',181,1,'2019-06-14 00:00:00','cid263'),('wd143',173,1,'2019-06-15 00:00:00','cid264'),('wd144',142,2,'2019-06-16 00:00:00','cid265'),('wd145',116,1,'2019-06-17 00:00:00','cid266'),('wd146',143,2,'2019-06-18 00:00:00','cid267'),('wd147',149,1,'2019-06-19 00:00:00','cid268'),('wd148',171,2,'2019-06-20 00:00:00','cid269'),('wd149',169,2,'2019-06-21 00:00:00','cid270'),('wd15',162,2,'2019-02-07 00:00:00','cid136'),('wd150',150,2,'2019-06-22 00:00:00','cid271'),('wd151',138,2,'2019-06-23 00:00:00','cid272'),('wd152',125,1,'2019-06-24 00:00:00','cid273'),('wd153',155,1,'2019-06-25 00:00:00','cid274'),('wd154',152,1,'2019-06-26 00:00:00','cid275'),('wd155',152,1,'2019-06-27 00:00:00','cid276'),('wd156',131,1,'2019-06-28 00:00:00','cid277'),('wd157',179,2,'2019-06-29 00:00:00','cid278'),('wd158',174,2,'2019-06-30 00:00:00','cid279'),('wd159',144,1,'2019-07-01 00:00:00','cid280'),('wd16',158,1,'2019-02-08 00:00:00','cid137'),('wd160',163,2,'2019-07-02 00:00:00','cid281'),('wd161',169,0,'2019-07-03 00:00:00','cid282'),('wd162',166,2,'2019-07-04 00:00:00','cid283'),('wd163',182,2,'2019-07-05 00:00:00','cid284'),('wd164',173,2,'2019-07-06 00:00:00','cid285'),('wd165',173,2,'2019-07-07 00:00:00','cid286'),('wd166',108,1,'2019-07-08 00:00:00','cid287'),('wd167',129,1,'2019-07-09 00:00:00','cid288'),('wd168',160,0,'2019-07-10 00:00:00','cid289'),('wd169',147,1,'2019-07-11 00:00:00','cid290'),('wd17',172,2,'2019-02-09 00:00:00','cid138'),('wd170',155,0,'2019-07-12 00:00:00','cid291'),('wd171',142,1,'2019-07-13 00:00:00','cid292'),('wd172',168,0,'2019-07-14 00:00:00','cid293'),('wd173',160,1,'2019-07-15 00:00:00','cid294'),('wd174',173,2,'2019-07-16 00:00:00','cid295'),('wd175',132,1,'2019-07-17 00:00:00','cid296'),('wd176',114,1,'2019-07-18 00:00:00','cid297'),('wd177',160,2,'2019-07-19 00:00:00','cid298'),('wd178',158,2,'2019-07-20 00:00:00','cid299'),('wd179',120,1,'2019-07-21 00:00:00','cid300'),('wd18',114,0,'2019-02-10 00:00:00','cid139'),('wd180',112,1,'2019-07-22 00:00:00','cid301'),('wd181',132,1,'2019-07-23 00:00:00','cid302'),('wd182',114,1,'2019-07-24 00:00:00','cid303'),('wd183',169,2,'2019-07-25 00:00:00','cid304'),('wd184',165,1,'2019-07-26 00:00:00','cid305'),('wd185',128,1,'2019-07-27 00:00:00','cid306'),('wd186',153,2,'2019-07-28 00:00:00','cid307'),('wd187',144,2,'2019-07-29 00:00:00','cid308'),('wd188',109,1,'2019-07-30 00:00:00','cid309'),('wd189',163,1,'2019-07-31 00:00:00','cid310'),('wd19',171,2,'2019-02-11 00:00:00','cid140'),('wd190',158,2,'2019-08-01 00:00:00','cid311'),('wd191',142,1,'2019-08-02 00:00:00','cid312'),('wd192',131,1,'2019-08-03 00:00:00','cid313'),('wd193',113,1,'2019-08-04 00:00:00','cid314'),('wd194',142,1,'2019-08-05 00:00:00','cid315'),('wd195',155,1,'2019-08-06 00:00:00','cid316'),('wd196',140,0,'2019-08-07 00:00:00','cid317'),('wd197',147,1,'2019-08-08 00:00:00','cid318'),('wd198',163,1,'2019-08-09 00:00:00','cid319'),('wd199',99,1,'2019-08-10 00:00:00','cid320'),('wd2',187,0,'2019-01-25 00:00:00','cid123'),('wd20',151,2,'2019-02-12 00:00:00','cid141'),('wd200',158,2,'2019-08-11 00:00:00','cid321'),('wd201',177,2,'2019-08-12 00:00:00','cid322'),('wd202',141,1,'2019-08-13 00:00:00','cid323'),('wd203',111,2,'2019-08-14 00:00:00','cid324'),('wd204',150,1,'2019-08-15 00:00:00','cid325'),('wd205',145,0,'2019-08-16 00:00:00','cid326'),('wd206',161,2,'2019-08-17 00:00:00','cid327'),('wd207',142,1,'2019-08-18 00:00:00','cid328'),('wd208',157,1,'2019-08-19 00:00:00','cid329'),('wd209',139,1,'2019-08-20 00:00:00','cid330'),('wd21',161,1,'2019-02-13 00:00:00','cid142'),('wd210',162,2,'2019-08-21 00:00:00','cid331'),('wd211',150,1,'2019-08-22 00:00:00','cid332'),('wd212',140,1,'2019-08-23 00:00:00','cid333'),('wd213',140,1,'2019-08-24 00:00:00','cid334'),('wd214',146,1,'2019-08-25 00:00:00','cid335'),('wd215',144,1,'2019-08-26 00:00:00','cid336'),('wd216',136,1,'2019-08-27 00:00:00','cid337'),('wd217',97,1,'2019-08-28 00:00:00','cid338'),('wd218',132,2,'2019-08-29 00:00:00','cid339'),('wd219',127,1,'2019-08-30 00:00:00','cid340'),('wd22',179,2,'2019-02-14 00:00:00','cid143'),('wd220',150,2,'2019-08-31 00:00:00','cid341'),('wd221',154,1,'2019-09-01 00:00:00','cid342'),('wd222',111,0,'2019-09-02 00:00:00','cid343'),('wd223',174,1,'2019-09-03 00:00:00','cid344'),('wd224',133,0,'2019-09-04 00:00:00','cid345'),('wd225',126,1,'2019-09-05 00:00:00','cid346'),('wd226',125,0,'2019-09-06 00:00:00','cid347'),('wd227',103,1,'2019-09-07 00:00:00','cid348'),('wd228',130,1,'2019-09-08 00:00:00','cid349'),('wd229',159,1,'2019-09-09 00:00:00','cid350'),('wd23',178,2,'2019-02-15 00:00:00','cid144'),('wd230',131,1,'2019-09-10 00:00:00','cid351'),('wd231',152,2,'2019-09-11 00:00:00','cid352'),('wd232',124,1,'2019-09-12 00:00:00','cid353'),('wd233',145,1,'2019-09-13 00:00:00','cid354'),('wd234',96,0,'2019-09-14 00:00:00','cid355'),('wd235',109,1,'2019-09-15 00:00:00','cid356'),('wd236',173,2,'2019-09-16 00:00:00','cid357'),('wd237',171,2,'2019-09-17 00:00:00','cid358'),('wd238',170,1,'2019-09-18 00:00:00','cid359'),('wd239',162,2,'2019-09-19 00:00:00','cid360'),('wd24',137,1,'2019-02-16 00:00:00','cid145'),('wd240',156,2,'2019-09-20 00:00:00','cid361'),('wd241',112,1,'2019-09-21 00:00:00','cid362'),('wd242',143,1,'2019-09-22 00:00:00','cid363'),('wd243',132,1,'2019-09-23 00:00:00','cid364'),('wd244',88,1,'2019-09-24 00:00:00','cid365'),('wd245',105,1,'2019-09-25 00:00:00','cid366'),('wd246',166,1,'2019-09-26 00:00:00','cid367'),('wd247',150,1,'2019-09-27 00:00:00','cid368'),('wd248',120,1,'2019-09-28 00:00:00','cid369'),('wd249',195,2,'2019-09-29 00:00:00','cid370'),('wd25',178,2,'2019-02-17 00:00:00','cid146'),('wd250',146,1,'2019-09-30 00:00:00','cid371'),('wd251',122,1,'2019-10-01 00:00:00','cid372'),('wd252',143,1,'2019-10-02 00:00:00','cid373'),('wd253',106,1,'2019-10-03 00:00:00','cid374'),('wd254',125,1,'2019-10-04 00:00:00','cid375'),('wd255',125,2,'2019-10-05 00:00:00','cid376'),('wd256',147,1,'2019-10-06 00:00:00','cid377'),('wd257',130,1,'2019-10-07 00:00:00','cid378'),('wd258',126,1,'2019-10-08 00:00:00','cid379'),('wd259',154,1,'2019-10-09 00:00:00','cid380'),('wd26',162,2,'2019-02-18 00:00:00','cid147'),('wd260',182,1,'2019-10-10 00:00:00','cid381'),('wd261',165,1,'2019-10-11 00:00:00','cid382'),('wd262',160,2,'2019-10-12 00:00:00','cid383'),('wd263',95,1,'2019-10-13 00:00:00','cid384'),('wd264',169,1,'2019-10-14 00:00:00','cid385'),('wd265',108,1,'2019-10-15 00:00:00','cid386'),('wd266',132,2,'2019-10-16 00:00:00','cid387'),('wd267',117,1,'2019-10-17 00:00:00','cid388'),('wd268',126,2,'2019-10-18 00:00:00','cid389'),('wd269',116,1,'2019-10-19 00:00:00','cid390'),('wd27',157,2,'2019-02-19 00:00:00','cid148'),('wd270',103,0,'2019-10-20 00:00:00','cid391'),('wd271',144,2,'2019-10-21 00:00:00','cid392'),('wd272',145,1,'2019-10-22 00:00:00','cid393'),('wd273',71,1,'2019-10-23 00:00:00','cid394'),('wd274',156,2,'2019-10-24 00:00:00','cid395'),('wd275',118,1,'2019-10-25 00:00:00','cid396'),('wd276',168,2,'2019-10-26 00:00:00','cid397'),('wd277',105,1,'2019-10-27 00:00:00','cid398'),('wd278',141,2,'2019-10-28 00:00:00','cid399'),('wd279',152,2,'2019-10-29 00:00:00','cid400'),('wd28',123,2,'2019-02-20 00:00:00','cid149'),('wd280',125,1,'2019-10-30 00:00:00','cid401'),('wd281',125,1,'2019-10-31 00:00:00','cid402'),('wd282',156,1,'2019-11-01 00:00:00','cid403'),('wd283',134,1,'2019-11-02 00:00:00','cid404'),('wd284',181,2,'2019-11-03 00:00:00','cid405'),('wd285',138,2,'2019-11-04 00:00:00','cid406'),('wd286',120,1,'2019-11-05 00:00:00','cid407'),('wd287',162,2,'2019-11-06 00:00:00','cid408'),('wd288',164,2,'2019-11-07 00:00:00','cid409'),('wd289',143,1,'2019-11-08 00:00:00','cid410'),('wd29',157,2,'2019-02-21 00:00:00','cid150'),('wd290',130,1,'2019-11-09 00:00:00','cid411'),('wd291',161,2,'2019-11-10 00:00:00','cid412'),('wd292',140,0,'2019-11-11 00:00:00','cid413'),('wd293',146,1,'2019-11-12 00:00:00','cid414'),('wd294',150,1,'2019-11-13 00:00:00','cid415'),('wd295',144,0,'2019-11-14 00:00:00','cid416'),('wd296',144,2,'2019-11-15 00:00:00','cid417'),('wd297',136,1,'2019-11-16 00:00:00','cid418'),('wd298',90,1,'2019-11-17 00:00:00','cid419'),('wd299',123,1,'2019-11-18 00:00:00','cid420'),('wd3',172,2,'2019-01-26 00:00:00','cid124'),('wd30',152,0,'2019-02-22 00:00:00','cid151'),('wd300',132,1,'2019-11-19 00:00:00','cid421'),('wd301',141,1,'2019-11-20 00:00:00','cid422'),('wd302',115,1,'2019-11-21 00:00:00','cid423'),('wd303',174,1,'2019-11-22 00:00:00','cid424'),('wd31',168,2,'2019-02-23 00:00:00','cid152'),('wd32',140,2,'2019-02-24 00:00:00','cid153'),('wd33',188,2,'2019-02-25 00:00:00','cid154'),('wd34',152,0,'2019-02-26 00:00:00','cid155'),('wd35',125,2,'2019-02-27 00:00:00','cid156'),('wd36',160,0,'2019-02-28 00:00:00','cid157'),('wd37',170,2,'2019-03-01 00:00:00','cid158'),('wd38',165,2,'2019-03-02 00:00:00','cid159'),('wd39',148,2,'2019-03-03 00:00:00','cid160'),('wd4',178,2,'2019-01-27 00:00:00','cid125'),('wd40',151,2,'2019-03-04 00:00:00','cid161'),('wd41',142,2,'2019-03-05 00:00:00','cid162'),('wd42',180,1,'2019-03-06 00:00:00','cid163'),('wd43',148,1,'2019-03-07 00:00:00','cid164'),('wd44',143,1,'2019-03-08 00:00:00','cid165'),('wd45',182,2,'2019-03-09 00:00:00','cid166'),('wd46',172,2,'2019-03-10 00:00:00','cid167'),('wd47',180,2,'2019-03-11 00:00:00','cid168'),('wd48',156,2,'2019-03-12 00:00:00','cid169'),('wd49',115,2,'2019-03-13 00:00:00','cid170'),('wd5',163,2,'2019-01-28 00:00:00','cid126'),('wd50',160,2,'2019-03-14 00:00:00','cid171'),('wd51',149,2,'2019-03-15 00:00:00','cid172'),('wd52',151,1,'2019-03-16 00:00:00','cid173'),('wd53',146,1,'2019-03-17 00:00:00','cid174'),('wd54',175,1,'2019-03-18 00:00:00','cid175'),('wd55',172,2,'2019-03-19 00:00:00','cid176'),('wd56',158,2,'2019-03-20 00:00:00','cid177'),('wd57',186,2,'2019-03-21 00:00:00','cid178'),('wd58',185,2,'2019-03-22 00:00:00','cid179'),('wd59',174,2,'2019-03-23 00:00:00','cid180'),('wd6',148,1,'2019-01-29 00:00:00','cid127'),('wd60',159,2,'2019-03-24 00:00:00','cid181'),('wd61',130,2,'2019-03-25 00:00:00','cid182'),('wd62',156,2,'2019-03-26 00:00:00','cid183'),('wd63',190,1,'2019-03-27 00:00:00','cid184'),('wd64',132,1,'2019-03-28 00:00:00','cid185'),('wd65',165,2,'2019-03-29 00:00:00','cid186'),('wd66',182,2,'2019-03-30 00:00:00','cid187'),('wd67',143,1,'2019-03-31 00:00:00','cid188'),('wd68',175,1,'2019-04-01 00:00:00','cid189'),('wd69',170,2,'2019-04-02 00:00:00','cid190'),('wd7',153,1,'2019-01-30 00:00:00','cid128'),('wd70',163,2,'2019-04-03 00:00:00','cid191'),('wd71',147,1,'2019-04-04 00:00:00','cid192'),('wd72',154,2,'2019-04-05 00:00:00','cid193'),('wd73',202,2,'2019-04-06 00:00:00','cid194'),('wd74',186,2,'2019-04-07 00:00:00','cid195'),('wd75',165,1,'2019-04-08 00:00:00','cid196'),('wd76',161,1,'2019-04-09 00:00:00','cid197'),('wd77',166,1,'2019-04-10 00:00:00','cid198'),('wd78',164,2,'2019-04-11 00:00:00','cid199'),('wd79',184,2,'2019-04-12 00:00:00','cid200'),('wd8',173,2,'2019-01-31 00:00:00','cid129'),('wd80',154,1,'2019-04-13 00:00:00','cid201'),('wd81',179,2,'2019-04-14 00:00:00','cid202'),('wd82',170,2,'2019-04-15 00:00:00','cid203'),('wd83',160,2,'2019-04-16 00:00:00','cid204'),('wd84',178,1,'2019-04-17 00:00:00','cid205'),('wd85',122,1,'2019-04-18 00:00:00','cid206'),('wd86',160,1,'2019-04-19 00:00:00','cid207'),('wd87',151,2,'2019-04-20 00:00:00','cid208'),('wd88',156,2,'2019-04-21 00:00:00','cid209'),('wd89',158,1,'2019-04-22 00:00:00','cid210'),('wd9',162,2,'2019-02-01 00:00:00','cid130'),('wd90',122,1,'2019-04-23 00:00:00','cid211'),('wd91',175,2,'2019-04-24 00:00:00','cid212'),('wd92',168,2,'2019-04-25 00:00:00','cid213'),('wd93',169,2,'2019-04-26 00:00:00','cid214'),('wd94',159,2,'2019-04-27 00:00:00','cid215'),('wd95',138,1,'2019-04-28 00:00:00','cid216'),('wd96',111,2,'2019-04-29 00:00:00','cid217'),('wd97',157,1,'2019-04-30 00:00:00','cid218'),('wd98',147,2,'2019-05-01 00:00:00','cid219'),('wd99',162,2,'2019-05-02 00:00:00','cid220');
/*!40000 ALTER TABLE `wearabledevicedata` ENABLE KEYS */;
UNLOCK TABLES;

--
-- Table structure for table `xray`
--

DROP TABLE IF EXISTS `xray`;
/*!40101 SET @saved_cs_client     = @@character_set_client */;
/*!40101 SET character_set_client = utf8 */;
CREATE TABLE `xray` (
  `xray_id` varchar(45) NOT NULL,
  `date` datetime DEFAULT NULL,
  `ca` int(11) DEFAULT NULL,
  `cardiodiagnosis_cardio_id` varchar(45) NOT NULL,
  PRIMARY KEY (`xray_id`,`cardiodiagnosis_cardio_id`),
  KEY `fk_xray_cardiodiagnosis1_idx` (`cardiodiagnosis_cardio_id`),
  CONSTRAINT `fk_xray_cardiodiagnosis1` FOREIGN KEY (`cardiodiagnosis_cardio_id`) REFERENCES `cardiodiagnosis` (`cardio_id`) ON DELETE NO ACTION ON UPDATE NO ACTION
) ENGINE=InnoDB DEFAULT CHARSET=latin1;
/*!40101 SET character_set_client = @saved_cs_client */;

--
-- Dumping data for table `xray`
--

LOCK TABLES `xray` WRITE;
/*!40000 ALTER TABLE `xray` DISABLE KEYS */;
INSERT INTO `xray` VALUES ('xid1','2019-01-24 00:00:00',0,'cid122'),('xid10','2019-02-02 00:00:00',0,'cid131'),('xid100','2019-05-03 00:00:00',3,'cid221'),('xid101','2019-05-04 00:00:00',2,'cid222'),('xid102','2019-05-05 00:00:00',0,'cid223'),('xid103','2019-05-06 00:00:00',2,'cid224'),('xid104','2019-05-07 00:00:00',0,'cid225'),('xid105','2019-05-08 00:00:00',0,'cid226'),('xid106','2019-05-09 00:00:00',0,'cid227'),('xid107','2019-05-10 00:00:00',1,'cid228'),('xid108','2019-05-11 00:00:00',0,'cid229'),('xid109','2019-05-12 00:00:00',0,'cid230'),('xid11','2019-02-03 00:00:00',0,'cid132'),('xid110','2019-05-13 00:00:00',0,'cid231'),('xid111','2019-05-14 00:00:00',0,'cid232'),('xid112','2019-05-15 00:00:00',1,'cid233'),('xid113','2019-05-16 00:00:00',0,'cid234'),('xid114','2019-05-17 00:00:00',0,'cid235'),('xid115','2019-05-18 00:00:00',0,'cid236'),('xid116','2019-05-19 00:00:00',0,'cid237'),('xid117','2019-05-20 00:00:00',0,'cid238'),('xid118','2019-05-21 00:00:00',0,'cid239'),('xid119','2019-05-22 00:00:00',0,'cid240'),('xid12','2019-02-04 00:00:00',0,'cid133'),('xid120','2019-05-23 00:00:00',0,'cid241'),('xid121','2019-05-24 00:00:00',2,'cid242'),('xid122','2019-05-25 00:00:00',0,'cid243'),('xid123','2019-05-26 00:00:00',0,'cid244'),('xid124','2019-05-27 00:00:00',0,'cid245'),('xid125','2019-05-28 00:00:00',0,'cid246'),('xid126','2019-05-29 00:00:00',0,'cid247'),('xid127','2019-05-30 00:00:00',0,'cid248'),('xid128','2019-05-31 00:00:00',1,'cid249'),('xid129','2019-06-01 00:00:00',0,'cid250'),('xid13','2019-02-05 00:00:00',0,'cid134'),('xid130','2019-06-02 00:00:00',1,'cid251'),('xid131','2019-06-03 00:00:00',1,'cid252'),('xid132','2019-06-04 00:00:00',0,'cid253'),('xid133','2019-06-05 00:00:00',0,'cid254'),('xid134','2019-06-06 00:00:00',0,'cid255'),('xid135','2019-06-07 00:00:00',0,'cid256'),('xid136','2019-06-08 00:00:00',0,'cid257'),('xid137','2019-06-09 00:00:00',0,'cid258'),('xid138','2019-06-10 00:00:00',0,'cid259'),('xid139','2019-06-11 00:00:00',0,'cid260'),('xid14','2019-02-06 00:00:00',0,'cid135'),('xid140','2019-06-12 00:00:00',1,'cid261'),('xid141','2019-06-13 00:00:00',0,'cid262'),('xid142','2019-06-14 00:00:00',0,'cid263'),('xid143','2019-06-15 00:00:00',0,'cid264'),('xid144','2019-06-16 00:00:00',2,'cid265'),('xid145','2019-06-17 00:00:00',0,'cid266'),('xid146','2019-06-18 00:00:00',0,'cid267'),('xid147','2019-06-19 00:00:00',1,'cid268'),('xid148','2019-06-20 00:00:00',0,'cid269'),('xid149','2019-06-21 00:00:00',0,'cid270'),('xid15','2019-02-07 00:00:00',0,'cid136'),('xid150','2019-06-22 00:00:00',0,'cid271'),('xid151','2019-06-23 00:00:00',0,'cid272'),('xid152','2019-06-24 00:00:00',0,'cid273'),('xid153','2019-06-25 00:00:00',0,'cid274'),('xid154','2019-06-26 00:00:00',1,'cid275'),('xid155','2019-06-27 00:00:00',0,'cid276'),('xid156','2019-06-28 00:00:00',0,'cid277'),('xid157','2019-06-29 00:00:00',0,'cid278'),('xid158','2019-06-30 00:00:00',0,'cid279'),('xid159','2019-07-01 00:00:00',4,'cid280'),('xid16','2019-02-08 00:00:00',0,'cid137'),('xid160','2019-07-02 00:00:00',0,'cid281'),('xid161','2019-07-03 00:00:00',0,'cid282'),('xid162','2019-07-04 00:00:00',0,'cid283'),('xid163','2019-07-05 00:00:00',0,'cid284'),('xid164','2019-07-06 00:00:00',4,'cid285'),('xid165','2019-07-07 00:00:00',4,'cid286'),('xid166','2019-07-08 00:00:00',3,'cid287'),('xid167','2019-07-09 00:00:00',2,'cid288'),('xid168','2019-07-10 00:00:00',2,'cid289'),('xid169','2019-07-11 00:00:00',1,'cid290'),('xid17','2019-02-09 00:00:00',0,'cid138'),('xid170','2019-07-12 00:00:00',0,'cid291'),('xid171','2019-07-13 00:00:00',1,'cid292'),('xid172','2019-07-14 00:00:00',0,'cid293'),('xid173','2019-07-15 00:00:00',0,'cid294'),('xid174','2019-07-16 00:00:00',2,'cid295'),('xid175','2019-07-17 00:00:00',2,'cid296'),('xid176','2019-07-18 00:00:00',0,'cid297'),('xid177','2019-07-19 00:00:00',2,'cid298'),('xid178','2019-07-20 00:00:00',0,'cid299'),('xid179','2019-07-21 00:00:00',0,'cid300'),('xid18','2019-02-10 00:00:00',0,'cid139'),('xid180','2019-07-22 00:00:00',1,'cid301'),('xid181','2019-07-23 00:00:00',1,'cid302'),('xid182','2019-07-24 00:00:00',3,'cid303'),('xid183','2019-07-25 00:00:00',0,'cid304'),('xid184','2019-07-26 00:00:00',1,'cid305'),('xid185','2019-07-27 00:00:00',0,'cid306'),('xid186','2019-07-28 00:00:00',1,'cid307'),('xid187','2019-07-29 00:00:00',1,'cid308'),('xid188','2019-07-30 00:00:00',1,'cid309'),('xid189','2019-07-31 00:00:00',1,'cid310'),('xid19','2019-02-11 00:00:00',0,'cid140'),('xid190','2019-08-01 00:00:00',0,'cid311'),('xid191','2019-08-02 00:00:00',0,'cid312'),('xid192','2019-08-03 00:00:00',3,'cid313'),('xid193','2019-08-04 00:00:00',1,'cid314'),('xid194','2019-08-05 00:00:00',2,'cid315'),('xid195','2019-08-06 00:00:00',0,'cid316'),('xid196','2019-08-07 00:00:00',0,'cid317'),('xid197','2019-08-08 00:00:00',0,'cid318'),('xid198','2019-08-09 00:00:00',2,'cid319'),('xid199','2019-08-10 00:00:00',2,'cid320'),('xid2','2019-01-25 00:00:00',0,'cid123'),('xid20','2019-02-12 00:00:00',2,'cid141'),('xid200','2019-08-11 00:00:00',2,'cid321'),('xid201','2019-08-12 00:00:00',1,'cid322'),('xid202','2019-08-13 00:00:00',1,'cid323'),('xid203','2019-08-14 00:00:00',0,'cid324'),('xid204','2019-08-15 00:00:00',0,'cid325'),('xid205','2019-08-16 00:00:00',3,'cid326'),('xid206','2019-08-17 00:00:00',1,'cid327'),('xid207','2019-08-18 00:00:00',1,'cid328'),('xid208','2019-08-19 00:00:00',2,'cid329'),('xid209','2019-08-20 00:00:00',3,'cid330'),('xid21','2019-02-13 00:00:00',0,'cid142'),('xid210','2019-08-21 00:00:00',1,'cid331'),('xid211','2019-08-22 00:00:00',1,'cid332'),('xid212','2019-08-23 00:00:00',1,'cid333'),('xid213','2019-08-24 00:00:00',0,'cid334'),('xid214','2019-08-25 00:00:00',0,'cid335'),('xid215','2019-08-26 00:00:00',1,'cid336'),('xid216','2019-08-27 00:00:00',0,'cid337'),('xid217','2019-08-28 00:00:00',1,'cid338'),('xid218','2019-08-29 00:00:00',3,'cid339'),('xid219','2019-08-30 00:00:00',1,'cid340'),('xid22','2019-02-14 00:00:00',0,'cid143'),('xid220','2019-08-31 00:00:00',2,'cid341'),('xid221','2019-09-01 00:00:00',3,'cid342'),('xid222','2019-09-02 00:00:00',0,'cid343'),('xid223','2019-09-03 00:00:00',1,'cid344'),('xid224','2019-09-04 00:00:00',2,'cid345'),('xid225','2019-09-05 00:00:00',1,'cid346'),('xid226','2019-09-06 00:00:00',0,'cid347'),('xid227','2019-09-07 00:00:00',1,'cid348'),('xid228','2019-09-08 00:00:00',0,'cid349'),('xid229','2019-09-09 00:00:00',0,'cid350'),('xid23','2019-02-15 00:00:00',0,'cid144'),('xid230','2019-09-10 00:00:00',0,'cid351'),('xid231','2019-09-11 00:00:00',0,'cid352'),('xid232','2019-09-12 00:00:00',3,'cid353'),('xid233','2019-09-13 00:00:00',1,'cid354'),('xid234','2019-09-14 00:00:00',1,'cid355'),('xid235','2019-09-15 00:00:00',3,'cid356'),('xid236','2019-09-16 00:00:00',0,'cid357'),('xid237','2019-09-17 00:00:00',2,'cid358'),('xid238','2019-09-18 00:00:00',2,'cid359'),('xid239','2019-09-19 00:00:00',3,'cid360'),('xid24','2019-02-16 00:00:00',0,'cid145'),('xid240','2019-09-20 00:00:00',0,'cid361'),('xid241','2019-09-21 00:00:00',1,'cid362'),('xid242','2019-09-22 00:00:00',0,'cid363'),('xid243','2019-09-23 00:00:00',2,'cid364'),('xid244','2019-09-24 00:00:00',1,'cid365'),('xid245','2019-09-25 00:00:00',1,'cid366'),('xid246','2019-09-26 00:00:00',0,'cid367'),('xid247','2019-09-27 00:00:00',2,'cid368'),('xid248','2019-09-28 00:00:00',3,'cid369'),('xid249','2019-09-29 00:00:00',1,'cid370'),('xid25','2019-02-17 00:00:00',0,'cid146'),('xid250','2019-09-30 00:00:00',3,'cid371'),('xid251','2019-10-01 00:00:00',3,'cid372'),('xid252','2019-10-02 00:00:00',4,'cid373'),('xid253','2019-10-03 00:00:00',3,'cid374'),('xid254','2019-10-04 00:00:00',2,'cid375'),('xid255','2019-10-05 00:00:00',0,'cid376'),('xid256','2019-10-06 00:00:00',3,'cid377'),('xid257','2019-10-07 00:00:00',2,'cid378'),('xid258','2019-10-08 00:00:00',0,'cid379'),('xid259','2019-10-09 00:00:00',0,'cid380'),('xid26','2019-02-18 00:00:00',2,'cid147'),('xid260','2019-10-10 00:00:00',0,'cid381'),('xid261','2019-10-11 00:00:00',2,'cid382'),('xid262','2019-10-12 00:00:00',1,'cid383'),('xid263','2019-10-13 00:00:00',2,'cid384'),('xid264','2019-10-14 00:00:00',2,'cid385'),('xid265','2019-10-15 00:00:00',1,'cid386'),('xid266','2019-10-16 00:00:00',1,'cid387'),('xid267','2019-10-17 00:00:00',0,'cid388'),('xid268','2019-10-18 00:00:00',3,'cid389'),('xid269','2019-10-19 00:00:00',2,'cid390'),('xid27','2019-02-19 00:00:00',0,'cid148'),('xid270','2019-10-20 00:00:00',0,'cid391'),('xid271','2019-10-21 00:00:00',0,'cid392'),('xid272','2019-10-22 00:00:00',2,'cid393'),('xid273','2019-10-23 00:00:00',0,'cid394'),('xid274','2019-10-24 00:00:00',1,'cid395'),('xid275','2019-10-25 00:00:00',1,'cid396'),('xid276','2019-10-26 00:00:00',2,'cid397'),('xid277','2019-10-27 00:00:00',1,'cid398'),('xid278','2019-10-28 00:00:00',0,'cid399'),('xid279','2019-10-29 00:00:00',2,'cid400'),('xid28','2019-02-20 00:00:00',0,'cid149'),('xid280','2019-10-30 00:00:00',1,'cid401'),('xid281','2019-10-31 00:00:00',0,'cid402'),('xid282','2019-11-01 00:00:00',0,'cid403'),('xid283','2019-11-02 00:00:00',1,'cid404'),('xid284','2019-11-03 00:00:00',0,'cid405'),('xid285','2019-11-04 00:00:00',1,'cid406'),('xid286','2019-11-05 00:00:00',2,'cid407'),('xid287','2019-11-06 00:00:00',2,'cid408'),('xid288','2019-11-07 00:00:00',1,'cid409'),('xid289','2019-11-08 00:00:00',1,'cid410'),('xid29','2019-02-21 00:00:00',1,'cid150'),('xid290','2019-11-09 00:00:00',1,'cid411'),('xid291','2019-11-10 00:00:00',1,'cid412'),('xid292','2019-11-11 00:00:00',3,'cid413'),('xid293','2019-11-12 00:00:00',2,'cid414'),('xid294','2019-11-13 00:00:00',0,'cid415'),('xid295','2019-11-14 00:00:00',0,'cid416'),('xid296','2019-11-15 00:00:00',2,'cid417'),('xid297','2019-11-16 00:00:00',0,'cid418'),('xid298','2019-11-17 00:00:00',2,'cid419'),('xid299','2019-11-18 00:00:00',0,'cid420'),('xid3','2019-01-26 00:00:00',0,'cid124'),('xid30','2019-02-22 00:00:00',0,'cid151'),('xid300','2019-11-19 00:00:00',0,'cid421'),('xid301','2019-11-20 00:00:00',2,'cid422'),('xid302','2019-11-21 00:00:00',1,'cid423'),('xid303','2019-11-22 00:00:00',1,'cid424'),('xid31','2019-02-23 00:00:00',1,'cid152'),('xid32','2019-02-24 00:00:00',0,'cid153'),('xid33','2019-02-25 00:00:00',0,'cid154'),('xid34','2019-02-26 00:00:00',1,'cid155'),('xid35','2019-02-27 00:00:00',1,'cid156'),('xid36','2019-02-28 00:00:00',0,'cid157'),('xid37','2019-03-01 00:00:00',0,'cid158'),('xid38','2019-03-02 00:00:00',0,'cid159'),('xid39','2019-03-03 00:00:00',0,'cid160'),('xid4','2019-01-27 00:00:00',0,'cid125'),('xid40','2019-03-04 00:00:00',0,'cid161'),('xid41','2019-03-05 00:00:00',1,'cid162'),('xid42','2019-03-06 00:00:00',0,'cid163'),('xid43','2019-03-07 00:00:00',0,'cid164'),('xid44','2019-03-08 00:00:00',0,'cid165'),('xid45','2019-03-09 00:00:00',0,'cid166'),('xid46','2019-03-10 00:00:00',0,'cid167'),('xid47','2019-03-11 00:00:00',0,'cid168'),('xid48','2019-03-12 00:00:00',0,'cid169'),('xid49','2019-03-13 00:00:00',0,'cid170'),('xid5','2019-01-28 00:00:00',0,'cid126'),('xid50','2019-03-14 00:00:00',0,'cid171'),('xid51','2019-03-15 00:00:00',0,'cid172'),('xid52','2019-03-16 00:00:00',0,'cid173'),('xid53','2019-03-17 00:00:00',3,'cid174'),('xid54','2019-03-18 00:00:00',0,'cid175'),('xid55','2019-03-19 00:00:00',0,'cid176'),('xid56','2019-03-20 00:00:00',1,'cid177'),('xid57','2019-03-21 00:00:00',0,'cid178'),('xid58','2019-03-22 00:00:00',0,'cid179'),('xid59','2019-03-23 00:00:00',0,'cid180'),('xid6','2019-01-29 00:00:00',0,'cid127'),('xid60','2019-03-24 00:00:00',1,'cid181'),('xid61','2019-03-25 00:00:00',1,'cid182'),('xid62','2019-03-26 00:00:00',0,'cid183'),('xid63','2019-03-27 00:00:00',0,'cid184'),('xid64','2019-03-28 00:00:00',0,'cid185'),('xid65','2019-03-29 00:00:00',0,'cid186'),('xid66','2019-03-30 00:00:00',0,'cid187'),('xid67','2019-03-31 00:00:00',0,'cid188'),('xid68','2019-04-01 00:00:00',0,'cid189'),('xid69','2019-04-02 00:00:00',0,'cid190'),('xid7','2019-01-30 00:00:00',0,'cid128'),('xid70','2019-04-03 00:00:00',0,'cid191'),('xid71','2019-04-04 00:00:00',0,'cid192'),('xid72','2019-04-05 00:00:00',1,'cid193'),('xid73','2019-04-06 00:00:00',0,'cid194'),('xid74','2019-04-07 00:00:00',0,'cid195'),('xid75','2019-04-08 00:00:00',0,'cid196'),('xid76','2019-04-09 00:00:00',0,'cid197'),('xid77','2019-04-10 00:00:00',0,'cid198'),('xid78','2019-04-11 00:00:00',0,'cid199'),('xid79','2019-04-12 00:00:00',0,'cid200'),('xid8','2019-01-31 00:00:00',0,'cid129'),('xid80','2019-04-13 00:00:00',0,'cid201'),('xid81','2019-04-14 00:00:00',0,'cid202'),('xid82','2019-04-15 00:00:00',0,'cid203'),('xid83','2019-04-16 00:00:00',1,'cid204'),('xid84','2019-04-17 00:00:00',0,'cid205'),('xid85','2019-04-18 00:00:00',0,'cid206'),('xid86','2019-04-19 00:00:00',0,'cid207'),('xid87','2019-04-20 00:00:00',1,'cid208'),('xid88','2019-04-21 00:00:00',0,'cid209'),('xid89','2019-04-22 00:00:00',0,'cid210'),('xid9','2019-02-01 00:00:00',0,'cid130'),('xid90','2019-04-23 00:00:00',0,'cid211'),('xid91','2019-04-24 00:00:00',2,'cid212'),('xid92','2019-04-25 00:00:00',0,'cid213'),('xid93','2019-04-26 00:00:00',4,'cid214'),('xid94','2019-04-27 00:00:00',1,'cid215'),('xid95','2019-04-28 00:00:00',0,'cid216'),('xid96','2019-04-29 00:00:00',0,'cid217'),('xid97','2019-04-30 00:00:00',0,'cid218'),('xid98','2019-05-01 00:00:00',3,'cid219'),('xid99','2019-05-02 00:00:00',1,'cid220');
/*!40000 ALTER TABLE `xray` ENABLE KEYS */;
UNLOCK TABLES;
/*!40103 SET TIME_ZONE=@OLD_TIME_ZONE */;

/*!40101 SET SQL_MODE=@OLD_SQL_MODE */;
/*!40014 SET FOREIGN_KEY_CHECKS=@OLD_FOREIGN_KEY_CHECKS */;
/*!40014 SET UNIQUE_CHECKS=@OLD_UNIQUE_CHECKS */;
/*!40101 SET CHARACTER_SET_CLIENT=@OLD_CHARACTER_SET_CLIENT */;
/*!40101 SET CHARACTER_SET_RESULTS=@OLD_CHARACTER_SET_RESULTS */;
/*!40101 SET COLLATION_CONNECTION=@OLD_COLLATION_CONNECTION */;
/*!40111 SET SQL_NOTES=@OLD_SQL_NOTES */;

-- Dump completed on 2020-01-27 11:04:00
